Date,Open,High,Low,Close,Volume,Market Cap
28-Oct-19,184.40,187.88,180.25,182.66,10406734124.00,19788729316.00
27-Oct-19,179.93,188.16,177.68,184.24,10815941953.00,19957408085.00
26-Oct-19,181.67,195.94,176.13,179.84,13831784986.00,19477741705.00
25-Oct-19,162.19,183.00,161.97,181.52,10358594018.00,19658140299.00
24-Oct-19,162.51,164.15,160.89,162.17,7300917537.00,17560021218.00
23-Oct-19,172.26,172.42,157.46,162.40,9624925919.00,17583244177.00
22-Oct-19,174.91,175.65,172.27,172.30,6990951966.00,18652588580.00
21-Oct-19,175.52,177.74,173.29,174.92,6815820627.00,18933882640.00
20-Oct-19,172.97,176.72,171.21,175.53,6801091120.00,18997957789.00
19-Oct-19,173.65,175.61,172.22,172.91,6551453871.00,18711940303.00
18-Oct-19,177.99,178.18,171.01,173.62,7566257807.00,18786275035.00
17-Oct-19,175.91,178.90,174.57,178.03,6737237423.00,19260755682.00
16-Oct-19,181.34,181.67,174.06,176.01,7691244590.00,19040429002.00
15-Oct-19,186.98,187.76,179.46,181.41,7731456579.00,19621350993.00
14-Oct-19,182.03,187.30,181.66,186.96,7276520699.00,20219637357.00
13-Oct-19,180.86,185.08,180.32,182.08,6733182273.00,19688808994.00
12-Oct-19,182.53,186.30,179.98,180.83,7494328840.00,19551368532.00
11-Oct-19,191.80,195.32,181.66,182.57,9128522970.00,19737401838.00
10-Oct-19,193.19,193.90,188.31,191.66,8375913276.00,20717535747.00
9-Oct-19,182.04,194.30,180.67,193.29,9088122101.00,20891536595.00
8-Oct-19,181.11,184.36,179.13,182.02,7466282780.00,19670825764.00
7-Oct-19,172.94,182.36,171.53,181.19,7844316834.00,19578142143.00
6-Oct-19,176.36,177.36,171.30,173.06,5852890674.00,18697637484.00
5-Oct-19,176.95,177.71,173.07,176.35,5837211771.00,19050956367.00
4-Oct-19,175.24,178.55,173.56,176.99,6248928449.00,19116991692.00
3-Oct-19,180.70,180.80,172.60,175.20,6381403725.00,18921747814.00
2-Oct-19,177.22,180.83,175.33,180.71,6335595250.00,19514521236.00
1-Oct-19,180.21,185.05,175.81,177.34,7676276225.00,19148222892.00
30-Sep-19,170.46,179.87,167.04,179.87,7552915148.00,19419149343.00
29-Sep-19,174.61,175.21,167.00,170.50,6497088199.00,18405401315.00
28-Sep-19,174.68,175.78,170.77,174.57,6895423445.00,18842313324.00
27-Sep-19,166.65,175.61,163.21,174.71,7909313625.00,18854855889.00
26-Sep-19,170.76,171.69,157.13,166.73,7848286154.00,17991000062.00
25-Sep-19,168.13,174.72,164.91,170.89,9766632018.00,18438188568.00
24-Sep-19,201.84,203.50,162.73,168.11,11757739233.00,18135747381.00
23-Sep-19,211.71,211.84,201.89,201.92,7494673136.00,21780534855.00
22-Sep-19,215.49,216.09,207.64,211.55,7812854576.00,22815755536.00
21-Sep-19,217.90,220.96,215.00,215.52,7743309778.00,23241121351.00
20-Sep-19,221.07,221.60,215.16,218.05,8027974273.00,23511410671.00
19-Sep-19,211.25,222.87,204.69,221.28,10620070913.00,23856751722.00
18-Sep-19,208.05,216.71,208.05,211.39,9194634557.00,22787891774.00
17-Sep-19,197.11,213.73,196.72,208.61,10232590812.00,22484889436.00
16-Sep-19,189.69,198.20,189.69,197.11,8242029488.00,21243167877.00
15-Sep-19,188.07,190.40,186.45,189.79,6222874780.00,20451239362.00
14-Sep-19,181.32,188.45,180.37,188.11,6500686511.00,20267272633.00
13-Sep-19,180.98,181.50,178.58,181.11,5955041237.00,19511050765.00
12-Sep-19,178.80,182.00,177.85,181.02,5838605477.00,19498542852.00
11-Sep-19,179.84,181.76,176.50,178.73,7157139035.00,19249367783.00
10-Sep-19,181.21,184.06,178.12,179.79,6291476772.00,19361276593.00
9-Sep-19,181.36,184.15,177.42,181.15,7232938985.00,19505534124.00
8-Sep-19,178.28,182.98,178.14,181.36,6472677266.00,19525276831.00
7-Sep-19,169.96,180.85,169.44,178.26,6791531342.00,19189873689.00
6-Sep-19,174.17,177.72,168.34,169.96,6797611878.00,18293376881.00
5-Sep-19,175.97,176.16,171.75,174.22,5589476516.00,18749645579.00
4-Sep-19,179.49,180.14,175.33,175.99,5938120494.00,18938360723.00
3-Sep-19,178.36,182.35,175.97,179.50,6962728938.00,19313265198.00
2-Sep-19,171.70,180.15,170.45,178.35,6503447137.00,19186913439.00
1-Sep-19,172.46,173.70,169.53,171.63,5554799576.00,18461846968.00
31-Aug-19,168.89,174.32,167.80,172.47,5830212249.00,18549906272.00
30-Aug-19,169.49,170.77,167.07,168.83,5776520220.00,18156660601.00
29-Aug-19,173.96,174.00,167.17,169.52,7129569083.00,18227677831.00
28-Aug-19,187.50,187.93,172.19,173.89,6696604087.00,18695530287.00
27-Aug-19,188.95,188.96,185.47,187.52,6042327402.00,20158029984.00
26-Aug-19,186.74,193.44,186.74,188.93,7207986636.00,20307338403.00
25-Aug-19,191.23,192.16,184.96,186.84,5826017143.00,20080495261.00
24-Aug-19,194.67,194.78,187.63,191.29,6249737982.00,20555802874.00
23-Aug-19,191.11,195.91,189.56,194.71,6658162377.00,20920364879.00
22-Aug-19,186.94,194.42,183.38,191.33,7569043874.00,20555295233.00
21-Aug-19,196.62,197.03,182.69,186.89,7775772700.00,20075644245.00
20-Aug-19,202.81,203.02,195.62,196.57,6408417610.00,21112106339.00
19-Aug-19,194.56,203.56,193.11,203.09,6145148692.00,21810324618.00
18-Aug-19,185.84,197.52,183.69,194.49,5969012024.00,20884307088.00
17-Aug-19,185.53,186.70,182.59,185.69,5512696513.00,19936235953.00
16-Aug-19,188.64,188.91,180.38,185.44,7133915837.00,19907120204.00
15-Aug-19,186.68,189.46,178.14,188.50,8197244441.00,20233249251.00
14-Aug-19,208.60,209.07,186.33,186.61,7444456154.00,20027397541.00
13-Aug-19,211.34,211.38,205.42,208.71,5946313205.00,22396531009.00
12-Aug-19,216.06,216.14,210.95,211.29,5674315559.00,22670420643.00
11-Aug-19,206.73,216.60,206.51,216.09,6440605605.00,23183002869.00
10-Aug-19,210.53,213.73,203.79,206.73,6584748527.00,22176113561.00
9-Aug-19,220.91,221.36,208.25,210.49,6964818795.00,22576055651.00
8-Aug-19,226.52,226.77,216.52,220.94,6713525644.00,23694202562.00
7-Aug-19,225.93,229.66,222.78,226.39,7020342210.00,24275514217.00
6-Aug-19,234.25,239.12,223.55,226.02,7647742672.00,24232708406.00
5-Aug-19,222.65,235.64,222.60,234.22,7765060287.00,25108076876.00
4-Aug-19,222.58,224.23,218.49,222.67,5238542572.00,23867371249.00
3-Aug-19,217.90,224.62,217.33,222.49,5697798687.00,23845116864.00
2-Aug-19,217.88,222.18,215.98,217.87,6159440229.00,23347127327.00
1-Aug-19,218.55,218.81,212.91,217.81,5965442642.00,23337361749.00
31-Jul-19,210.49,218.65,210.44,218.65,6003828340.00,23425015630.00
30-Jul-19,211.34,213.61,206.87,210.52,5489918859.00,22551013736.00
29-Jul-19,211.12,213.93,208.76,211.27,5485190664.00,22627969069.00
28-Jul-19,207.41,212.04,202.25,211.19,5504887934.00,22616386468.00
27-Jul-19,219.62,223.52,204.90,207.41,6257703908.00,22208955063.00
26-Jul-19,219.63,220.24,214.13,219.63,5729852178.00,23514586698.00
25-Jul-19,216.97,224.25,216.14,219.62,6731281160.00,23510336985.00
24-Jul-19,212.55,217.54,203.89,217.05,7168982843.00,23232101233.00
23-Jul-19,217.57,218.52,209.64,212.73,6976091534.00,22767023810.00
22-Jul-19,225.70,226.86,213.45,217.56,6338843919.00,23281138563.00
21-Jul-19,229.17,229.86,219.03,225.63,6685082868.00,24141704293.00
20-Jul-19,221.41,234.20,221.19,229.12,7976245988.00,24511869214.00
19-Jul-19,226.66,226.94,215.84,221.33,7606433131.00,23675884534.00
18-Jul-19,211.44,229.24,208.04,226.57,9327816059.00,24232572603.00
17-Jul-19,199.07,217.98,193.99,211.48,9387747640.00,22616651114.00
16-Jul-19,229.75,234.51,197.38,199.19,9036620494.00,21298941499.00
15-Jul-19,227.97,235.03,210.39,229.78,9723674244.00,24566488597.00
14-Jul-19,269.28,269.64,227.27,227.58,8578339386.00,24328422207.00
13-Jul-19,276.29,276.69,263.07,269.46,6716829429.00,28801816023.00
12-Jul-19,268.69,278.86,268.00,276.28,8148936015.00,29526802979.00
11-Jul-19,289.95,290.02,266.09,268.70,10216287022.00,28713849048.00
10-Jul-19,308.85,313.07,285.57,290.00,11679985167.00,30985827113.00
9-Jul-19,313.33,318.22,305.29,308.88,10055159803.00,32998749928.00
8-Jul-19,305.73,314.27,303.50,313.25,9078905628.00,33461369498.00
7-Jul-19,287.60,310.14,286.11,305.70,8119724981.00,32650611906.00
6-Jul-19,287.89,295.99,286.67,287.55,7674615025.00,30707785756.00
5-Jul-19,284.38,293.92,282.69,288.00,8723493015.00,30751916427.00
4-Jul-19,303.03,303.96,282.77,284.52,8403513106.00,30377082394.00
3-Jul-19,291.76,303.34,291.40,303.10,9926711979.00,32356299765.00
2-Jul-19,293.54,295.66,272.60,291.60,10618413952.00,31124332021.00
1-Jul-19,290.27,301.03,280.02,293.64,10292223948.00,31338571563.00
30-Jun-19,319.58,322.79,290.70,290.70,10303111000.00,31020295932.00
29-Jun-19,311.28,322.04,294.75,320.06,10929374565.00,34149263832.00
28-Jun-19,294.14,313.03,292.94,311.23,11514656820.00,33202586960.00
27-Jun-19,336.96,343.43,278.57,294.27,14038092503.00,31389390615.00
26-Jun-19,317.99,361.40,315.95,336.75,16437084081.00,35916727561.00
25-Jun-19,310.68,318.13,307.64,318.13,9641764965.00,33925713000.00
24-Jun-19,307.72,312.33,299.56,310.42,8205712062.00,33100160024.00
23-Jun-19,309.42,318.57,305.76,307.83,8161062380.00,32819043043.00
22-Jun-19,295.12,315.19,294.73,309.38,10613731255.00,32980338717.00
21-Jun-19,271.74,295.30,271.74,294.91,9331694140.00,31433771859.00
20-Jun-19,269.41,274.07,265.50,271.70,6408981097.00,28955655290.00
19-Jun-19,265.06,270.33,264.75,269.43,5516510947.00,28710780975.00
18-Jun-19,274.32,274.32,263.14,265.05,6205242504.00,28240458529.00
17-Jun-19,269.09,275.44,268.35,274.35,6009795781.00,29227567867.00
16-Jun-19,268.90,278.14,265.54,269.22,9676746453.00,28677606760.00
15-Jun-19,263.93,271.51,262.12,269.02,8126853944.00,28652203067.00
14-Jun-19,256.18,265.37,254.15,264.09,8676891267.00,28123338885.00
13-Jun-19,260.91,262.16,255.60,256.17,8442077836.00,27276572627.00
12-Jun-19,245.93,261.02,244.49,260.90,8645598618.00,27777154177.00
11-Jun-19,247.86,248.66,239.83,245.78,7382269700.00,26163906569.00
10-Jun-19,232.83,247.66,229.34,247.52,8141159848.00,26345596475.00
9-Jun-19,245.54,245.97,229.26,233.09,7566421456.00,24806123509.00
8-Jun-19,251.25,252.38,243.23,245.74,7225996863.00,26149221979.00
7-Jun-19,249.34,254.35,246.60,250.93,8379534528.00,26698353830.00
6-Jun-19,246.93,249.94,238.50,249.47,8265146806.00,26540057659.00
5-Jun-19,241.50,248.14,239.98,247.05,8548917062.00,26278874481.00
4-Jun-19,252.51,252.51,236.13,241.34,10132549747.00,25667971281.00
3-Jun-19,270.09,270.33,251.26,252.61,9375712917.00,26863086906.00
2-Jun-19,265.51,272.81,265.04,270.23,8744111713.00,28732949885.00
1-Jun-19,268.43,273.56,263.52,265.39,9942869852.00,28215330784.00
31-May-19,256.02,268.66,249.11,268.11,11255023515.00,28501098831.00
30-May-19,269.55,287.20,247.35,255.86,13604268584.00,27194892741.00
29-May-19,271.78,273.76,263.09,269.46,9819132174.00,28636457373.00
28-May-19,272.59,274.32,267.51,271.77,10362846898.00,28878512607.00
27-May-19,267.14,278.51,265.44,272.86,12074664736.00,28991071396.00
26-May-19,251.72,269.17,247.25,267.07,9664267731.00,28371943145.00
25-May-19,249.69,257.36,249.09,251.76,8924985385.00,26742086786.00
24-May-19,245.99,255.26,243.24,249.48,9929433206.00,26497014859.00
23-May-19,244.67,247.62,233.79,245.97,10671663487.00,26119891327.00
22-May-19,255.00,258.80,242.73,244.70,9818257463.00,25982060192.00
21-May-19,251.65,262.11,248.20,255.22,11545049594.00,27095257004.00
20-May-19,261.27,261.55,241.80,251.86,10834541285.00,26736046292.00
19-May-19,234.45,263.74,233.76,261.29,12049250894.00,27733299057.00
18-May-19,243.91,246.36,233.10,234.60,10933142646.00,24896520187.00
17-May-19,263.85,266.98,227.77,243.76,16037551694.00,25866318005.00
16-May-19,246.94,275.39,245.80,264.01,18661465873.00,28010958253.00
15-May-19,217.01,247.45,216.82,247.15,13460006534.00,26219111162.00
14-May-19,196.74,217.87,196.05,217.15,12751049755.00,23033114137.00
13-May-19,187.42,205.10,185.31,196.85,10367149039.00,20876934045.00
12-May-19,194.16,201.88,183.65,187.33,10326050090.00,19864635091.00
11-May-19,173.14,203.47,173.14,194.30,12578331654.00,20602050120.00
10-May-19,170.31,175.89,168.99,173.14,8036919053.00,18355936406.00
9-May-19,170.95,172.88,167.25,170.29,6546914198.00,18051087500.00
8-May-19,169.90,172.18,166.41,170.95,6416569598.00,18118602844.00
7-May-19,172.43,180.39,169.69,169.80,8411140170.00,17994460619.00
6-May-19,163.34,175.76,159.99,172.65,7540096853.00,18294624766.00
5-May-19,164.02,165.40,159.70,163.45,5938415562.00,17317292591.00
4-May-19,167.89,170.65,161.79,164.03,6658100049.00,17376070198.00
3-May-19,162.08,170.07,161.08,167.95,7299410672.00,17789626262.00
2-May-19,160.85,162.94,160.06,162.12,6044171062.00,17169962760.00
1-May-19,162.19,164.06,159.66,160.82,5789172433.00,17029616915.00
30-Apr-19,155.17,162.43,155.17,162.17,6275803460.00,17170110493.00
29-Apr-19,157.29,158.33,153.19,155.20,6053776253.00,16430642271.00
28-Apr-19,158.50,159.57,157.13,157.30,5379894433.00,16650076837.00
27-Apr-19,156.27,160.59,155.62,158.43,5863109118.00,16768575998.00
26-Apr-19,154.58,158.03,152.09,156.35,7505283355.00,16545462357.00
25-Apr-19,165.91,166.51,153.85,154.46,6820332362.00,16343573973.00
24-Apr-19,171.35,171.57,161.98,165.83,7351304156.00,17544029659.00
23-Apr-19,172.01,176.85,170.90,171.45,7097827092.00,18136462572.00
22-Apr-19,170.02,173.07,168.73,171.87,6094878077.00,18179292263.00
21-Apr-19,173.72,174.42,167.43,170.05,6005571688.00,17983602095.00
20-Apr-19,173.72,176.71,171.79,173.75,6142567812.00,18373023202.00
19-Apr-19,173.79,173.98,170.62,173.71,6541053061.00,18366130180.00
18-Apr-19,166.91,175.37,166.67,173.81,6971581464.00,18374913022.00
17-Apr-19,167.55,168.94,165.50,166.95,5596102715.00,17647086048.00
16-Apr-19,161.53,167.67,160.89,167.62,5180105341.00,17715913572.00
15-Apr-19,167.90,168.82,159.56,161.57,5672311824.00,17074367783.00
14-Apr-19,164.48,168.59,162.78,167.84,4846298303.00,17734050269.00
13-Apr-19,164.62,166.36,163.01,164.51,4959301561.00,17380468169.00
12-Apr-19,165.34,166.13,161.03,164.74,6237185309.00,17401765647.00
11-Apr-19,177.34,177.49,162.32,165.50,7859383417.00,17479876008.00
10-Apr-19,176.07,183.13,175.23,177.34,7856924879.00,18728058767.00
9-Apr-19,180.22,180.25,175.09,176.11,7632529578.00,18596496042.00
8-Apr-19,174.45,184.38,174.16,180.26,9304964610.00,19031640376.00
7-Apr-19,165.98,175.21,164.93,174.53,7596176020.00,18424576820.00
6-Apr-19,165.51,172.52,161.80,165.95,7167016221.00,17516082778.00
5-Apr-19,158.02,167.22,157.44,165.51,7531316908.00,17468192986.00
4-Apr-19,161.43,164.93,155.24,158.05,7953123529.00,16678477300.00
3-Apr-19,164.01,178.32,157.32,161.46,10622456246.00,17035703564.00
2-Apr-19,141.84,165.23,141.64,163.96,9826645698.00,17297572365.00
1-Apr-19,141.47,142.73,140.74,141.83,4611999536.00,14960828861.00
31-Mar-19,142.14,142.19,140.70,141.51,4249050197.00,14925533137.00
30-Mar-19,142.36,149.61,141.03,142.09,5144662127.00,14984615423.00
29-Mar-19,139.34,142.55,138.05,142.50,5125602702.00,15025361637.00
28-Mar-19,141.01,141.01,138.43,139.42,4163212475.00,14698609599.00
27-Mar-19,135.45,141.08,135.34,140.99,5228240093.00,14862394451.00
26-Mar-19,135.05,135.46,133.76,135.46,4499271679.00,14277816266.00
25-Mar-19,137.08,137.70,133.49,135.03,4480516753.00,14230733149.00
24-Mar-19,138.32,138.38,136.31,136.99,4266845458.00,14434995337.00
23-Mar-19,137.04,139.39,136.91,138.24,4436568613.00,14565143357.00
22-Mar-19,136.56,138.79,136.23,137.18,4490899266.00,14451740115.00
21-Mar-19,140.48,141.00,135.86,136.64,5087247796.00,14392427839.00
20-Mar-19,140.48,140.95,138.31,140.69,4664134462.00,14817151375.00
19-Mar-19,139.25,140.99,139.14,140.52,4251488129.00,14797612389.00
18-Mar-19,140.10,142.27,138.84,139.37,4551739879.00,14675181094.00
17-Mar-19,142.24,142.37,139.32,140.00,3827157729.00,14739201597.00
16-Mar-19,137.91,144.56,137.91,142.40,4839003569.00,14989691491.00
15-Mar-19,133.57,138.40,133.57,137.69,4506861856.00,14492364551.00
14-Mar-19,133.20,135.18,132.75,133.71,4476532147.00,14071628064.00
13-Mar-19,134.61,134.61,132.72,133.26,4265162099.00,14022610219.00
12-Mar-19,134.01,135.27,130.94,134.44,4709988000.00,14144929392.00
11-Mar-19,136.85,137.35,133.10,133.83,4689807419.00,14079044648.00
10-Mar-19,138.18,138.27,135.69,136.76,4578438499.00,14384860876.00
9-Mar-19,134.89,139.12,134.68,137.97,5011918715.00,14509873018.00
8-Mar-19,138.31,139.50,133.56,135.13,4678816794.00,14209542041.00
7-Mar-19,138.94,140.86,137.27,138.03,4339206292.00,14513398954.00
6-Mar-19,137.96,139.97,136.15,138.79,4589054219.00,14590867639.00
5-Mar-19,127.79,138.23,126.74,137.82,4764849990.00,14492117352.00
4-Mar-19,132.16,132.73,125.40,127.77,4008171341.00,13432896659.00
3-Mar-19,134.79,135.85,131.33,132.25,3454374053.00,13900679027.00
2-Mar-19,136.35,137.18,132.44,134.21,3747176425.00,14103698392.00
1-Mar-19,136.84,139.00,136.43,136.44,3756124824.00,14335957425.00
28-Feb-19,136.28,138.85,135.66,136.75,4535438953.00,14365118213.00
27-Feb-19,138.03,141.34,131.60,136.13,4469776860.00,14298070644.00
26-Feb-19,139.65,139.98,136.58,138.09,3791292839.00,14502464167.00
25-Feb-19,135.50,142.53,135.48,139.82,4914392068.00,14682597926.00
24-Feb-19,158.90,165.55,135.85,135.85,5957715043.00,14263873721.00
23-Feb-19,148.68,159.13,147.33,158.80,4519468458.00,16670632412.00
22-Feb-19,146.07,149.27,145.21,149.09,3731099284.00,15649961167.00
21-Feb-19,149.35,149.35,144.56,146.13,3995766856.00,15337145738.00
20-Feb-19,145.17,149.55,142.50,149.55,4500094965.00,15694462393.00
19-Feb-19,146.40,149.93,145.13,145.35,5310842625.00,15250901019.00
18-Feb-19,133.03,147.69,133.00,146.10,5387525773.00,15327852479.00
17-Feb-19,123.18,134.46,123.09,133.60,4236081130.00,14014695490.00
16-Feb-19,122.40,124.13,122.30,123.26,2905833287.00,12928550184.00
15-Feb-19,121.45,123.66,121.37,122.10,3021741615.00,12805280766.00
14-Feb-19,122.42,124.45,121.33,121.39,3331701628.00,12729213675.00
13-Feb-19,122.54,125.55,121.61,122.55,3386585799.00,12849605819.00
12-Feb-19,121.18,123.47,119.60,122.57,3149576429.00,12849965122.00
11-Feb-19,124.87,124.87,120.31,121.30,3222473887.00,12714795026.00
10-Feb-19,119.41,124.85,117.11,124.81,3148766590.00,13080881910.00
9-Feb-19,119.21,120.69,118.00,119.43,2884650400.00,12515870173.00
8-Feb-19,104.65,119.81,104.19,119.27,3656841347.00,12496945336.00
7-Feb-19,104.84,106.06,104.41,104.54,2326764622.00,10951652648.00
6-Feb-19,107.57,107.57,102.93,104.92,2593048199.00,10990266833.00
5-Feb-19,107.63,108.13,106.91,107.44,2515863999.00,11253035388.00
4-Feb-19,107.63,108.70,107.07,107.82,2491888675.00,11290969364.00
3-Feb-19,110.49,110.83,106.56,107.49,2519334757.00,11254870706.00
2-Feb-19,107.47,110.65,106.76,110.43,2385157838.00,11560765573.00
1-Feb-19,107.15,108.64,105.05,107.61,2541271519.00,11263815610.00
31-Jan-19,108.90,110.46,106.53,107.06,2828796031.00,11204735502.00
30-Jan-19,105.41,109.45,104.84,108.91,2874370355.00,11396282341.00
29-Jan-19,106.72,107.17,104.00,105.60,2900418606.00,11048347342.00
28-Jan-19,113.29,113.69,103.34,106.59,3366895505.00,11150461958.00
27-Jan-19,116.51,116.69,113.41,113.41,2775888287.00,11861671822.00
26-Jan-19,116.37,118.08,115.98,116.49,2412181169.00,12182338148.00
25-Jan-19,117.59,117.80,115.83,116.38,2606881898.00,12168932300.00
24-Jan-19,117.46,118.03,116.01,117.36,2520843420.00,12269992351.00
23-Jan-19,118.71,119.42,116.38,117.45,2556952198.00,12277481872.00
22-Jan-19,117.11,119.66,114.68,118.75,2552507405.00,12410972241.00
21-Jan-19,119.64,119.72,116.16,117.16,2421720343.00,12242940197.00
20-Jan-19,124.63,125.07,118.70,119.47,2964108269.00,12483136112.00
19-Jan-19,121.61,125.90,121.16,124.52,3048261797.00,13007954846.00
18-Jan-19,123.65,123.84,120.24,121.01,2305389800.00,12639234713.00
17-Jan-19,123.57,124.27,120.82,123.74,2594091285.00,12922347330.00
16-Jan-19,121.81,127.12,121.44,123.55,2746469340.00,12899812275.00
15-Jan-19,129.17,130.74,120.31,122.03,2735449164.00,12739543688.00
14-Jan-19,116.98,130.86,116.97,129.07,2798085735.00,13471754802.00
13-Jan-19,125.91,126.27,116.09,116.90,2268263944.00,12199288487.00
12-Jan-19,127.53,128.67,125.45,125.97,2212109224.00,13143426380.00
11-Jan-19,127.81,130.17,125.24,127.55,2667585234.00,13306214134.00
10-Jan-19,150.84,152.15,126.53,128.63,3397734456.00,13416263931.00
9-Jan-19,150.55,153.62,150.29,150.80,2369241197.00,15726845712.00
8-Jan-19,151.97,153.63,148.67,150.36,2459808140.00,15677889902.00
7-Jan-19,157.81,158.45,151.15,151.70,2712108388.00,15814868678.00
6-Jan-19,155.80,159.37,152.09,157.75,3231294371.00,16442429109.00
5-Jan-19,154.34,160.82,154.34,155.64,3338211928.00,16219974745.00
4-Jan-19,148.91,156.88,147.91,154.58,3126192535.00,16107068093.00
3-Jan-19,155.20,155.86,147.20,149.14,2676164880.00,15536849936.00
2-Jan-19,141.52,156.93,140.65,155.05,3328240369.00,16150049902.00
1-Jan-19,133.42,141.40,132.65,140.82,2258709868.00,14665318370.00
31-Dec-18,140.03,140.18,132.52,133.37,2358360234.00,13886837730.00
30-Dec-18,137.63,140.69,133.98,139.86,2660086834.00,14560066114.00
29-Dec-18,138.47,147.03,134.57,138.02,3169029972.00,14365797196.00
28-Dec-18,116.90,137.65,115.69,137.65,3130201009.00,14324511544.00
27-Dec-18,131.92,132.68,115.65,116.58,2612804378.00,12129493222.00
26-Dec-18,129.89,136.68,126.29,131.87,2720469126.00,13717858346.00
25-Dec-18,141.00,141.00,125.11,129.84,3298280609.00,13505089290.00
24-Dec-18,130.64,157.67,130.64,140.24,4370343387.00,14583457940.00
23-Dec-18,117.27,133.08,117.27,130.77,3579715061.00,13595887732.00
22-Dec-18,109.46,116.76,107.50,116.76,2338772939.00,12137481655.00
21-Dec-18,115.84,119.09,107.58,109.50,2632539990.00,11380357569.00
20-Dec-18,101.09,117.17,100.64,116.22,3063842618.00,12076674311.00
19-Dec-18,101.68,108.55,100.69,101.27,2456482115.00,10521416481.00
18-Dec-18,95.11,101.32,92.97,101.11,2277514076.00,10503295749.00
17-Dec-18,85.38,96.81,85.38,95.13,2101453024.00,9880456239.00
16-Dec-18,84.47,87.57,84.47,85.26,1565817037.00,8853567311.00
15-Dec-18,84.28,85.34,82.83,84.44,1496176898.00,8766638124.00
14-Dec-18,86.63,87.14,83.23,84.31,1651491877.00,8751209554.00
13-Dec-18,90.66,91.11,85.52,86.54,1754475622.00,8981108543.00
12-Dec-18,88.61,92.24,88.26,90.59,1533050103.00,9400044026.00
11-Dec-18,91.58,92.78,87.69,88.95,1707497898.00,9227301064.00
10-Dec-18,94.99,96.26,90.65,91.69,1756437577.00,9509816315.00
9-Dec-18,92.04,98.90,91.03,95.14,1875567180.00,9866414732.00
8-Dec-18,93.41,97.06,86.83,92.16,1855759401.00,9555327946.00
7-Dec-18,91.65,96.09,83.47,93.29,2554304530.00,9671177427.00
6-Dec-18,102.45,104.10,91.76,91.76,2310716932.00,9510417097.00
5-Dec-18,110.34,110.60,102.48,102.48,1990157607.00,10618884099.00
4-Dec-18,108.80,113.14,107.40,110.21,1748116495.00,11418617063.00
3-Dec-18,116.38,116.62,107.42,108.93,1772756193.00,11282911404.00
2-Dec-18,118.27,120.56,116.09,116.39,1856199149.00,12053770487.00
1-Dec-18,113.40,120.84,111.62,118.64,2131475768.00,12284117522.00
30-Nov-18,117.73,119.42,111.74,113.17,2020748396.00,11716096076.00
29-Nov-18,122.72,123.23,115.30,117.54,2196099151.00,12166285642.00
28-Nov-18,110.20,126.05,110.20,122.44,2673470000.00,12670491119.00
27-Nov-18,107.91,111.84,102.45,110.01,2320010000.00,11382216773.00
26-Nov-18,116.34,118.20,104.89,108.34,2139490000.00,11206775318.00
25-Nov-18,113.13,118.88,101.77,116.45,2466750000.00,12043900588.00
24-Nov-18,123.30,126.79,110.83,113.49,1800960000.00,11735901799.00
23-Nov-18,126.42,127.03,119.56,123.30,1998010000.00,12747016419.00
22-Nov-18,136.81,137.74,126.71,126.71,1792150000.00,13097009562.00
21-Nov-18,131.14,138.89,125.76,136.70,2685930000.00,14127420909.00
20-Nov-18,148.81,151.25,126.36,130.34,3134410000.00,13467303239.00
19-Nov-18,177.18,177.18,147.85,149.18,2745160000.00,15410551811.00
18-Nov-18,174.18,179.15,174.18,177.07,1810920000.00,18288411984.00
17-Nov-18,175.36,175.85,172.87,174.00,1832800000.00,17968221715.00
16-Nov-18,180.87,181.35,173.13,175.18,2015330000.00,18086156169.00
15-Nov-18,181.90,184.25,170.19,180.81,2638410000.00,18663659629.00
14-Nov-18,206.53,207.05,174.08,181.40,2595330000.00,18721032761.00
13-Nov-18,210.15,210.52,206.14,206.83,1610260000.00,21341261802.00
12-Nov-18,211.51,212.62,208.92,210.42,1452380000.00,21707637540.00
11-Nov-18,212.48,213.00,208.87,211.34,1501600000.00,21798464881.00
10-Nov-18,209.98,213.86,209.81,212.53,1377760000.00,21917195708.00
9-Nov-18,211.99,213.32,209.52,210.07,1554750000.00,21659329261.00
8-Nov-18,217.33,218.34,212.20,212.23,1769080000.00,21877424057.00
7-Nov-18,218.90,221.65,216.80,217.18,1927830000.00,22383497662.00
6-Nov-18,209.47,218.45,207.89,218.45,1856940000.00,22445690692.00
5-Nov-18,207.10,210.82,206.57,209.09,1613510000.00,21540996877.00
4-Nov-18,200.16,211.27,198.99,207.49,1749300000.00,21371416840.00
3-Nov-18,200.74,200.74,199.53,200.19,1307150000.00,20615439151.00
2-Nov-18,198.98,201.27,198.76,200.64,1451870000.00,20657629735.00
1-Nov-18,197.54,203.75,197.33,198.87,1336700000.00,20472105764.00
31-Oct-18,197.65,198.34,196.53,197.38,1442380000.00,20314628127.00
30-Oct-18,197.20,198.12,196.35,197.56,1363500000.00,20328580026.00
29-Oct-18,205.17,205.60,195.73,197.25,1517230000.00,20292811278.00
28-Oct-18,204.51,205.92,203.52,205.37,1139140000.00,21123907349.00
27-Oct-18,203.36,206.08,203.13,204.21,1084810000.00,21000852987.00
26-Oct-18,202.34,204.78,201.55,203.33,1161310000.00,20906130835.00
25-Oct-18,203.87,204.13,201.82,202.72,1102900000.00,20839259066.00
24-Oct-18,204.13,205.58,203.35,203.85,1102220000.00,20951603018.00
23-Oct-18,204.02,205.15,201.91,204.34,1237490000.00,20997181867.00
22-Oct-18,205.17,206.93,203.38,204.04,1328980000.00,20962977292.00
21-Oct-18,205.39,208.16,204.62,205.14,1190300000.00,21071630786.00
20-Oct-18,203.52,206.22,203.09,205.43,1238780000.00,21097037289.00
19-Oct-18,203.26,204.66,201.84,203.73,1264480000.00,20917973393.00
18-Oct-18,207.40,208.47,201.74,203.35,1365860000.00,20875341345.00
17-Oct-18,210.22,211.13,205.93,207.08,1444130000.00,21254117736.00
16-Oct-18,209.63,212.17,207.98,210.12,1532280000.00,21561538445.00
15-Oct-18,195.27,222.12,194.16,209.70,2865830000.00,21514574462.00
14-Oct-18,199.69,201.83,195.24,195.72,1169260000.00,20075397007.00
13-Oct-18,196.36,201.28,196.36,199.84,1167610000.00,20494529773.00
12-Oct-18,188.71,199.40,188.71,196.73,1487900000.00,20171157774.00
11-Oct-18,225.61,225.61,189.28,189.50,2167620000.00,19426181717.00
10-Oct-18,227.62,227.71,224.50,225.77,1384040000.00,23139713070.00
9-Oct-18,229.71,230.16,226.40,227.98,1405130000.00,23361891401.00
8-Oct-18,226.51,230.77,224.56,229.26,1470740000.00,23487673000.00
7-Oct-18,225.44,226.37,223.00,226.12,1470480000.00,23161767973.00
6-Oct-18,227.55,227.93,224.25,225.12,1505070000.00,23054817089.00
5-Oct-18,222.27,228.32,220.96,227.60,1547330000.00,23304234601.00
4-Oct-18,220.45,226.15,220.09,222.22,1479500000.00,22748580859.00
3-Oct-18,226.41,226.46,213.97,220.49,1683930000.00,22567089086.00
2-Oct-18,231.10,231.17,225.84,227.18,1542080000.00,23247403474.00
1-Oct-18,233.22,234.15,226.95,230.77,1597500000.00,23609728018.00
30-Sep-18,231.33,236.99,228.45,232.85,1765560000.00,23817805502.00
29-Sep-18,221.71,234.01,216.08,231.64,2208720000.00,23688983896.00
28-Sep-18,229.04,231.75,218.67,222.40,2018120000.00,22740233568.00
27-Sep-18,215.44,230.61,212.65,228.49,2030320000.00,23358464739.00
26-Sep-18,218.65,221.44,209.11,215.85,1756100000.00,22061164303.00
25-Sep-18,228.33,228.33,206.49,218.51,2120360000.00,22328327983.00
24-Sep-18,244.84,245.11,227.49,228.73,1748740000.00,23368514475.00
23-Sep-18,240.99,247.46,237.86,244.33,1693470000.00,24957339670.00
22-Sep-18,247.34,251.20,233.81,240.48,1921820000.00,24559189741.00
21-Sep-18,225.25,248.39,221.57,246.58,2836200000.00,25177561991.00
20-Sep-18,210.29,224.82,207.79,224.59,1782070000.00,22927300808.00
19-Sep-18,209.47,213.87,201.66,209.97,1733330000.00,21430323331.00
18-Sep-18,197.10,213.36,195.93,209.98,1800640000.00,21426628309.00
17-Sep-18,221.58,224.26,195.31,197.88,2019910000.00,20187902505.00
16-Sep-18,222.80,222.80,211.12,220.59,1502260000.00,22500748646.00
15-Sep-18,209.81,226.60,209.61,223.07,1670490000.00,22749647321.00
14-Sep-18,212.67,222.79,204.87,211.75,2232190000.00,21590366996.00
13-Sep-18,183.68,214.00,183.68,211.35,2330720000.00,21545775837.00
12-Sep-18,185.42,185.59,170.26,183.33,1874850000.00,18685319378.00
11-Sep-18,198.18,198.51,180.60,185.07,1568900000.00,18858381966.00
10-Sep-18,197.85,201.88,189.58,197.08,1502960000.00,20078523984.00
9-Sep-18,198.39,207.67,188.31,196.92,1585980000.00,20058708800.00
8-Sep-18,217.91,220.37,193.26,197.95,1517200000.00,20159309964.00
7-Sep-18,229.54,233.90,217.08,217.20,1678260000.00,22115522904.00
6-Sep-18,231.65,231.76,218.12,230.22,2097310000.00,23435751842.00
5-Sep-18,286.05,288.16,232.33,232.33,2390390000.00,23646371777.00
4-Sep-18,289.30,291.58,284.26,285.72,1554870000.00,29074743101.00
3-Sep-18,295.18,295.59,287.43,289.26,1394490000.00,29428616901.00
2-Sep-18,295.45,298.69,290.93,294.37,1321050000.00,29942718225.00
1-Sep-18,283.50,301.14,283.50,295.34,1546630000.00,30035327410.00
31-Aug-18,284.12,284.55,278.51,283.00,1411910000.00,28774922508.00
30-Aug-18,289.75,291.24,275.21,284.11,1513100000.00,28881058148.00
29-Aug-18,296.16,297.07,287.29,289.31,1474460000.00,29404459725.00
28-Aug-18,286.65,297.40,283.57,296.50,1513350000.00,30128902937.00
27-Aug-18,275.35,285.60,273.65,285.60,1406790000.00,29015874948.00
26-Aug-18,279.53,279.53,272.44,275.20,1206650000.00,27953028997.00
25-Aug-18,283.28,283.52,278.47,279.65,1208360000.00,28399212923.00
24-Aug-18,278.11,283.30,273.86,282.97,1450170000.00,28730705349.00
23-Aug-18,271.75,279.55,271.09,277.10,1271160000.00,28129662664.00
22-Aug-18,281.97,297.49,265.00,271.34,1507660000.00,27539119679.00
21-Aug-18,273.33,285.97,273.33,281.94,1164120000.00,28609531323.00
20-Aug-18,301.38,304.37,273.51,274.32,1413790000.00,27829775231.00
19-Aug-18,295.67,307.10,291.33,300.83,1447910000.00,30514025774.00
18-Aug-18,316.79,320.45,286.55,295.81,1764020000.00,29998584852.00
17-Aug-18,287.68,316.17,287.35,315.73,1995460000.00,32011921283.00
16-Aug-18,282.74,298.48,280.93,288.05,1552970000.00,29199228646.00
15-Aug-18,280.39,303.59,280.12,282.36,1878150000.00,28617473116.00
14-Aug-18,286.37,286.37,254.65,278.93,2137850000.00,28263969132.00
13-Aug-18,320.21,323.55,284.93,286.50,1751190000.00,29024490503.00
12-Aug-18,320.82,328.59,318.60,319.57,1625420000.00,32368768332.00
11-Aug-18,334.26,334.26,308.49,322.11,1790370000.00,32619681420.00
10-Aug-18,365.78,367.05,329.59,334.18,1699400000.00,33834485092.00
9-Aug-18,356.97,370.95,353.61,365.59,1616610000.00,37007391031.00
8-Aug-18,379.89,380.67,353.73,356.61,2016080000.00,36091566801.00
7-Aug-18,406.80,411.41,376.08,380.22,1828350000.00,38472420233.00
6-Aug-18,410.57,414.54,403.32,406.66,1384880000.00,41139790462.00
5-Aug-18,407.35,413.72,402.43,410.52,1396820000.00,41521715110.00
4-Aug-18,418.24,420.19,403.78,407.25,1466540000.00,41183215694.00
3-Aug-18,412.57,420.55,399.91,418.26,1722340000.00,42287977978.00
2-Aug-18,420.81,425.03,410.31,412.62,1569300000.00,41709183608.00
1-Aug-18,433.87,435.46,410.46,420.75,1888060000.00,42521937218.00
31-Jul-18,457.25,457.25,430.44,433.87,1820680000.00,43839034237.00
30-Jul-18,466.83,467.95,448.64,457.08,2141590000.00,46175217427.00
29-Jul-18,466.92,470.36,462.71,466.67,1631910016.00,47133881666.00
28-Jul-18,469.68,471.59,462.99,466.90,1531890048.00,47147853886.00
27-Jul-18,464.01,473.22,458.29,469.67,1734259968.00,47417755376.00
26-Jul-18,472.33,483.70,461.42,464.04,1621560064.00,46839932193.00
25-Jul-18,479.91,482.87,466.47,472.49,1930780032.00,47683830874.00
24-Jul-18,451.14,481.14,450.57,479.37,2287520000.00,48368209917.00
23-Jul-18,459.44,469.77,449.73,450.85,1596999936.00,45481301491.00
22-Jul-18,462.44,470.90,458.12,459.66,1338589952.00,46360029757.00
21-Jul-18,450.68,468.08,445.78,462.44,1504310016.00,46630720739.00
20-Jul-18,469.31,469.31,443.69,450.70,1821350016.00,45437819522.00
19-Jul-18,480.63,483.24,465.14,469.62,2068739968.00,47335899963.00
18-Jul-18,500.84,513.43,474.36,480.51,2371559936.00,48424155624.00
17-Jul-18,480.08,508.78,468.92,501.00,2288100096.00,50478766285.00
16-Jul-18,450.42,480.66,446.80,480.66,1858680064.00,48419026521.00
15-Jul-18,435.88,454.00,433.92,449.85,1350160000.00,45306414380.00
14-Jul-18,434.51,439.43,431.47,436.09,1235820032.00,43911193561.00
13-Jul-18,430.74,442.36,430.74,434.03,1489670016.00,43694988769.00
12-Jul-18,446.50,446.50,422.81,430.07,1495440000.00,43288294177.00
11-Jul-18,434.52,447.32,429.51,446.52,1422470016.00,44934271235.00
10-Jul-18,476.16,478.32,433.96,434.42,1789069952.00,43708241775.00
9-Jul-18,488.88,490.85,475.17,476.68,1533799936.00,47950212027.00
8-Jul-18,492.07,503.20,488.42,489.12,1344560000.00,49191161178.00
7-Jul-18,474.06,491.66,466.84,491.66,1358360064.00,49436674025.00
6-Jul-18,474.36,479.65,457.61,474.01,1627609984.00,47652424064.00
5-Jul-18,467.29,483.23,464.63,474.41,1828610048.00,47682968020.00
4-Jul-18,464.15,481.44,455.18,467.32,1549769984.00,46960391871.00
3-Jul-18,475.39,483.85,462.58,464.20,1683939968.00,46637067239.00
2-Jul-18,453.82,479.13,447.11,475.35,1625789952.00,47747743959.00
1-Jul-18,455.24,457.14,446.39,453.92,1511730048.00,45585861718.00
30-Jun-18,436.21,458.80,436.21,455.18,1475939968.00,45703302056.00
29-Jun-18,422.59,441.79,407.95,436.01,1564499968.00,43769409548.00
28-Jun-18,442.29,443.62,419.68,422.36,1360790016.00,42391125054.00
27-Jun-18,432.24,444.24,424.84,442.36,1368940032.00,44389430889.00
26-Jun-18,460.73,461.21,432.77,432.77,1356560000.00,43417898248.00
25-Jun-18,455.94,470.34,448.90,460.31,4007950080.00,46171165114.00
24-Jun-18,474.77,475.36,426.47,457.67,2490579968.00,45897156207.00
23-Jun-18,466.27,479.13,462.39,474.52,1651379968.00,47577076102.00
22-Jun-18,527.19,527.19,456.88,465.82,2226030080.00,46694859628.00
21-Jun-18,536.45,543.72,524.26,527.37,1462070016.00,52853921455.00
20-Jun-18,538.51,541.02,519.37,536.27,1596290048.00,53735032875.00
19-Jun-18,519.02,542.35,516.31,537.96,1726569984.00,53893191559.00
18-Jun-18,499.38,521.80,494.07,518.89,1513869952.00,51972519171.00
17-Jun-18,499.46,507.64,498.65,500.45,1264870016.00,50114921288.00
16-Jun-18,490.41,503.22,488.85,499.64,1314109952.00,50024018701.00
15-Jun-18,520.48,521.30,487.47,491.00,1808269952.00,49149084090.00
14-Jun-18,478.38,523.54,467.47,519.74,2458650112.00,52015066663.00
13-Jun-18,498.02,501.90,459.00,477.49,2080130048.00,47777150787.00
12-Jun-18,532.71,538.96,491.23,496.84,1932760064.00,49702985162.00
11-Jun-18,524.86,536.86,515.27,533.28,1982119936.00,53337466294.00
10-Jun-18,594.34,594.34,511.89,526.48,2234880000.00,52645885461.00
9-Jun-18,600.91,608.58,597.56,597.56,1519309952.00,59741701633.00
8-Jun-18,605.44,608.81,595.59,601.08,1637779968.00,60080608858.00
7-Jun-18,607.69,616.14,601.69,605.19,1880140032.00,60478879395.00
6-Jun-18,610.26,611.64,596.40,607.12,1756530048.00,60659842641.00
5-Jun-18,593.41,611.33,580.98,609.30,1844269952.00,60864980395.00
4-Jun-18,619.44,623.43,583.75,592.98,1903430016.00,59222873880.00
3-Jun-18,591.26,624.51,591.26,618.33,1832550016.00,61740821846.00
2-Jun-18,580.43,597.08,577.32,591.81,1880390016.00,59080880117.00
1-Jun-18,578.67,589.09,567.66,580.04,1945890048.00,57894350583.00
31-May-18,558.50,585.54,557.07,577.65,1985040000.00,57643138807.00
30-May-18,566.83,583.14,545.43,559.59,2053970048.00,55829809817.00
29-May-18,516.15,572.26,516.15,565.39,2330820096.00,56396587656.00
28-May-18,573.04,576.05,512.55,516.04,2356900096.00,51463146627.00
27-May-18,588.52,590.33,562.87,572.67,1788790016.00,57099072056.00
26-May-18,587.43,606.17,583.51,587.28,1694300032.00,58544016481.00
25-May-18,602.14,617.19,575.62,586.73,2110919936.00,58477440268.00
24-May-18,584.54,610.82,557.21,601.76,2791099904.00,59962094302.00
23-May-18,646.67,651.64,572.95,583.59,2995429888.00,58139666822.00
22-May-18,700.18,700.98,644.03,647.74,2230469888.00,64517663406.00
21-May-18,717.19,719.28,692.49,699.22,2005170048.00,69631032596.00
20-May-18,697.92,723.75,692.67,715.37,2156910080.00,71224213260.00
19-May-18,695.07,715.58,686.79,696.53,2021549952.00,69334147807.00
18-May-18,672.10,695.03,663.81,694.37,2305740032.00,69104455849.00
17-May-18,708.72,718.83,668.83,672.66,2350619904.00,66929938612.00
16-May-18,708.09,710.20,682.54,707.05,2476130048.00,70337446111.00
15-May-18,731.14,739.05,700.99,708.87,2523069952.00,70504110201.00
14-May-18,732.73,742.17,695.79,730.55,3005110016.00,72645181706.00
13-May-18,687.17,741.31,675.32,733.50,2362500096.00,72923278119.00
12-May-18,679.88,691.41,644.07,686.05,2668480000.00,68192028458.00
11-May-18,727.01,736.98,669.83,679.59,3290080000.00,67535702572.00
10-May-18,752.58,766.75,726.66,727.28,2748950016.00,72260117775.00
9-May-18,752.90,759.53,718.47,752.28,2877870080.00,74728439730.00
8-May-18,755.01,774.25,728.13,752.86,2920489984.00,74770813968.00
7-May-18,793.34,795.76,710.18,753.72,4316120064.00,74841655792.00
6-May-18,816.09,835.06,764.88,792.31,3105570048.00,78656662788.00
5-May-18,784.58,827.46,784.24,816.12,3035040000.00,81003446783.00
4-May-18,776.78,803.75,762.63,785.62,3533410048.00,77960306236.00
3-May-18,686.59,784.34,686.59,779.54,4210939904.00,77340839220.00
2-May-18,674.08,688.84,667.42,687.15,2822269952.00,68159979253.00
1-May-18,670.46,674.40,637.54,673.61,2678960128.00,66803233984.00
30-Apr-18,689.76,694.44,666.12,669.92,2853100032.00,66423712256.00
29-Apr-18,683.91,697.76,670.51,688.88,2740559872.00,68289153706.00
28-Apr-18,644.65,691.44,644.65,683.68,2496659968.00,67759208004.00
27-Apr-18,662.11,684.87,647.03,647.03,2598129920.00,64114105428.00
26-Apr-18,618.08,663.18,604.01,662.81,2984009984.00,65663946135.00
25-Apr-18,707.06,707.06,600.21,615.42,4216140032.00,60955966711.00
24-Apr-18,643.40,708.88,643.40,708.16,3581860096.00,70127342534.00
23-Apr-18,621.20,646.70,621.03,642.55,2386830080.00,63617020167.00
22-Apr-18,606.12,640.77,593.87,621.86,2426269952.00,61556034015.00
21-Apr-18,616.00,621.89,578.55,605.40,2612460032.00,59913832194.00
20-Apr-18,567.99,618.72,560.28,615.72,2849469952.00,60922818296.00
19-Apr-18,524.04,567.89,523.26,567.89,2256869888.00,56178772001.00
18-Apr-18,503.31,525.09,503.05,524.79,1762940032.00,51904227886.00
17-Apr-18,511.14,518.03,502.56,502.89,1760359936.00,49728519115.00
16-Apr-18,532.07,534.20,500.25,511.15,1758979968.00,50534185799.00
15-Apr-18,502.88,531.70,502.88,531.70,1726089984.00,52555419462.00
14-Apr-18,492.58,512.02,488.28,501.48,1519079936.00,49557725333.00
13-Apr-18,493.16,526.47,482.66,492.73,2419249920.00,48683660481.00
12-Apr-18,430.16,493.06,417.41,492.94,2519360000.00,48693844481.00
11-Apr-18,415.02,430.54,412.47,430.54,1439040000.00,42521044920.00
10-Apr-18,399.41,415.89,393.88,414.24,1196000000.00,40903130396.00
9-Apr-18,400.86,429.25,390.61,398.53,1478390016.00,39343018191.00
8-Apr-18,385.74,402.59,385.60,400.51,948488000.00,39530560784.00
7-Apr-18,370.38,393.06,369.94,385.31,951475008.00,38023057371.00
6-Apr-18,382.73,385.20,366.91,370.29,967105984.00,36532478896.00
5-Apr-18,379.95,387.72,369.82,383.23,1210680064.00,37802008408.00
4-Apr-18,416.48,417.47,375.31,380.54,1287730048.00,37528933631.00
3-Apr-18,387.31,418.97,383.53,416.89,1363399936.00,41105280498.00
2-Apr-18,379.70,395.17,377.59,386.42,1102259968.00,38093277842.00
1-Apr-18,397.25,400.53,363.80,379.61,1256930048.00,37413407420.00
31-Mar-18,395.00,418.47,392.95,396.46,1323920000.00,39066085342.00
30-Mar-18,385.90,409.93,368.63,394.64,1878130048.00,38879465944.00
29-Mar-18,448.08,450.81,385.81,385.97,1970230016.00,38016727209.00
28-Mar-18,450.29,466.21,444.86,446.28,1514179968.00,43948072321.00
27-Mar-18,489.59,491.46,449.97,450.12,1617939968.00,44316774118.00
26-Mar-18,524.29,526.38,470.44,489.95,1638880000.00,48228842327.00
25-Mar-18,522.70,535.82,515.66,524.29,1151170048.00,51598047955.00
24-Mar-18,542.57,545.38,526.08,526.44,1300009984.00,51799123912.00
23-Mar-18,539.86,540.49,512.13,539.62,1596349952.00,53084905906.00
22-Mar-18,562.10,577.57,523.09,539.70,1523459968.00,53082150649.00
21-Mar-18,559.10,589.61,550.57,561.73,1781270016.00,55237391316.00
20-Mar-18,556.72,567.09,521.20,557.17,1833680000.00,54777982164.00
19-Mar-18,546.63,558.10,519.12,556.73,2046790016.00,54722473140.00
18-Mar-18,551.64,551.64,460.09,538.64,2685499904.00,52934184182.00
17-Mar-18,601.68,609.15,549.10,552.78,1267810048.00,54312035489.00
16-Mar-18,611.78,623.17,587.86,601.67,1417350016.00,59103031871.00
15-Mar-18,614.84,620.62,579.51,611.30,1770460032.00,60037233577.00
14-Mar-18,691.22,702.78,594.10,614.29,1810560000.00,60318025226.00
13-Mar-18,698.15,713.73,682.35,690.83,1425959936.00,67819092121.00
12-Mar-18,724.41,742.51,683.27,699.83,1764999936.00,68688764839.00
11-Mar-18,685.31,735.83,668.12,723.34,1562680064.00,70981343639.00
10-Mar-18,730.16,748.03,682.70,686.89,1532960000.00,67390487259.00
9-Mar-18,702.20,729.16,648.11,728.92,2233019904.00,71498733754.00
8-Mar-18,752.57,773.77,696.17,704.60,1891640064.00,69098851661.00
7-Mar-18,816.27,825.61,726.55,752.83,2175419904.00,73813918307.00
6-Mar-18,853.82,853.82,809.93,816.95,1943069952.00,80083929891.00
5-Mar-18,866.85,869.92,853.52,853.68,1898489984.00,83667342992.00
4-Mar-18,856.19,867.95,840.28,866.68,1697939968.00,84923240778.00
3-Mar-18,856.71,868.45,855.21,857.22,1699369984.00,83979651073.00
2-Mar-18,871.76,876.38,852.42,856.85,1894419968.00,83925690001.00
1-Mar-18,856.01,880.30,851.92,872.20,1868519936.00,85410827047.00
28-Feb-18,877.93,890.11,855.12,855.20,1963980032.00,83728564149.00
27-Feb-18,870.36,896.26,867.10,878.27,2053980032.00,85968788108.00
26-Feb-18,845.28,880.39,842.32,869.32,2044480000.00,85074973200.00
25-Feb-18,839.46,853.15,822.38,844.81,1646960000.00,82659602549.00
24-Feb-18,861.59,879.53,818.55,840.52,1926579968.00,82222377928.00
23-Feb-18,811.59,886.32,794.79,864.19,2334820096.00,84520567485.00
22-Feb-18,849.26,875.93,802.67,812.84,2150370048.00,79482140044.00
21-Feb-18,894.14,912.38,830.56,849.97,2531729920.00,83095081059.00
20-Feb-18,943.57,965.27,892.95,895.37,2545260032.00,87514997546.00
19-Feb-18,921.67,957.78,921.55,943.86,2169019904.00,92235641556.00
18-Feb-18,973.35,982.93,915.45,923.92,2567290112.00,90267805476.00
17-Feb-18,944.75,976.59,940.75,974.11,2525720064.00,95151956513.00
16-Feb-18,934.79,950.01,917.85,944.21,2369449984.00,92211437654.00
15-Feb-18,923.73,951.95,911.11,936.98,2900100096.00,91485862822.00
14-Feb-18,844.28,926.43,844.28,923.56,2818370048.00,90157005929.00
13-Feb-18,869.29,870.71,828.84,845.26,2081170048.00,82496189206.00
12-Feb-18,817.51,875.94,817.51,868.71,2243450112.00,84767037716.00
11-Feb-18,859.29,859.29,788.22,814.66,2486650112.00,79476512347.00
10-Feb-18,882.47,917.40,825.58,860.41,2930530048.00,83922989198.00
9-Feb-18,818.48,884.00,788.83,883.86,2495820032.00,86191922699.00
8-Feb-18,755.84,845.09,755.84,817.81,3708189952.00,79733609806.00
7-Feb-18,790.43,851.20,723.43,757.07,3896179968.00,73796288509.00
6-Feb-18,707.74,796.44,574.42,793.12,6518269952.00,77294507868.00
5-Feb-18,834.96,856.65,644.60,697.95,4269530112.00,68005284183.00
4-Feb-18,964.67,969.03,805.06,834.68,2997090048.00,81310521832.00
3-Feb-18,919.21,991.94,847.69,964.02,3243480064.00,93890299032.00
2-Feb-18,1035.77,1035.77,757.98,915.78,6713290240.00,89173962074.00
1-Feb-18,1119.37,1161.35,984.82,1036.79,5261680128.00,100935354837.00
31-Jan-18,1071.09,1128.66,1034.50,1118.31,3757560064.00,108848638400.00
30-Jan-18,1184.13,1184.63,1058.97,1071.13,4107859968.00,104234481555.00
29-Jan-18,1246.70,1256.70,1169.08,1182.36,3715079936.00,115034583684.00
28-Jan-18,1111.78,1257.77,1111.78,1246.01,5372329984.00,121201618306.00
27-Jan-18,1055.75,1121.98,1042.12,1107.07,3002870016.00,107663911307.00
26-Jan-18,1052.70,1080.60,996.78,1055.17,3617690112.00,102595008990.00
25-Jan-18,1063.22,1104.66,1034.74,1056.03,4050190080.00,102657059605.00
24-Jan-18,987.48,1062.44,965.81,1058.78,3944039936.00,102902843882.00
23-Jan-18,1004.17,1023.23,920.54,986.23,3556699904.00,95831359552.00
22-Jan-18,1055.35,1089.10,930.74,1003.26,3810099968.00,97465684890.00
21-Jan-18,1155.68,1155.68,1021.50,1049.58,3378089984.00,101943726022.00
20-Jan-18,1044.95,1167.11,1044.95,1155.15,3975190016.00,112174461242.00
19-Jan-18,1028.82,1093.22,1003.71,1039.10,4084450048.00,100883462786.00
18-Jan-18,1016.44,1100.31,967.76,1036.28,5938319872.00,100588318055.00
17-Jan-18,1061.34,1090.23,780.92,1014.25,8545160192.00,98429091487.00
16-Jan-18,1292.63,1292.63,875.54,1053.69,8405139968.00,102231295311.00
15-Jan-18,1365.21,1390.59,1290.60,1291.92,4781100032.00,125319766537.00
14-Jan-18,1397.48,1400.56,1286.21,1366.77,4841630208.00,132554906162.00
13-Jan-18,1270.47,1432.88,1270.47,1396.42,5746760192.00,135400735922.00
12-Jan-18,1158.29,1296.04,1120.09,1273.20,5222300160.00,123426938667.00
11-Jan-18,1268.09,1337.30,1135.17,1154.93,7235899904.00,111937424561.00
10-Jan-18,1300.34,1417.38,1226.60,1255.82,9214950400.00,121689425203.00
9-Jan-18,1146.00,1320.98,1145.49,1299.74,7965459968.00,125917925182.00
8-Jan-18,1158.26,1266.93,1016.05,1148.53,8450970112.00,111244629093.00
7-Jan-18,1043.01,1153.17,1043.01,1153.17,5569880064.00,111670667774.00
6-Jan-18,995.15,1060.71,994.62,1041.68,4662219776.00,100852102738.00
5-Jan-18,975.75,1075.39,956.33,997.72,6683149824.00,96574936368.00
4-Jan-18,961.71,1045.08,946.09,980.92,6502859776.00,94924308783.00
3-Jan-18,886.00,974.47,868.45,962.72,5093159936.00,93146829617.00
2-Jan-18,772.35,914.83,772.35,884.44,5783349760.00,85552984077.00
1-Jan-18,755.76,782.53,742.00,772.64,2595760128.00,74724233458.00
31-Dec-17,712.21,760.35,710.12,756.73,2554269952.00,73170170967.00
30-Dec-17,753.82,753.82,685.23,717.26,3187780096.00,69338470696.00
29-Dec-17,740.39,770.12,729.61,753.59,2648969984.00,72835328712.00
28-Dec-17,762.21,763.32,701.19,737.02,2389149952.00,71219054808.00
27-Dec-17,774.97,789.25,738.41,762.84,2100029952.00,73698377070.00
26-Dec-17,763.37,786.79,760.93,773.84,2201159936.00,74744613931.00
25-Dec-17,698.87,782.52,698.87,765.83,2491760128.00,73955757349.00
24-Dec-17,721.77,721.77,614.92,694.15,2300549888.00,67019237420.00
23-Dec-17,681.32,763.90,679.73,719.39,2480339968.00,69441297649.00
22-Dec-17,822.64,827.68,543.76,674.86,4977710080.00,65129109277.00
21-Dec-17,820.24,880.54,792.69,821.06,3569060096.00,79221896341.00
20-Dec-17,827.52,845.06,756.00,819.09,3969939968.00,79014430828.00
19-Dec-17,793.90,881.94,785.34,826.82,4096549888.00,79743740362.00
18-Dec-17,721.73,803.93,689.23,794.65,3249230080.00,76623897492.00
17-Dec-17,696.24,735.83,696.24,719.97,2147389952.00,69409025338.00
16-Dec-17,686.19,718.39,680.79,696.21,2165690112.00,67103695920.00
15-Dec-17,696.38,697.13,621.06,684.45,2758710016.00,65956174321.00
14-Dec-17,700.59,753.12,664.99,695.82,3821580032.00,67036917107.00
13-Dec-17,644.91,747.99,597.80,702.77,4524539904.00,67692231422.00
12-Dec-17,522.29,657.32,504.49,651.43,5179829760.00,62733982232.00
11-Dec-17,440.36,516.97,439.10,515.14,1771440000.00,49597927198.00
10-Dec-17,472.79,472.79,429.51,441.72,1404179968.00,42520479602.00
9-Dec-17,457.34,504.15,456.25,473.50,2003849984.00,45570080683.00
8-Dec-17,434.99,466.06,422.37,456.03,2336379904.00,43879256076.00
7-Dec-17,426.37,441.40,414.41,434.41,2129570048.00,41789848007.00
6-Dec-17,462.60,462.71,420.21,428.59,1998259968.00,41220997942.00
5-Dec-17,470.29,473.56,457.66,463.28,1216720000.00,44548159326.00
4-Dec-17,466.05,474.78,453.31,470.20,1005550016.00,45204145125.00
3-Dec-17,463.70,482.81,451.85,465.85,990556992.00,44776362724.00
2-Dec-17,466.85,476.24,456.65,463.45,943649984.00,44535863933.00
1-Dec-17,445.21,472.61,428.31,466.54,1247879936.00,44823457369.00
30-Nov-17,431.21,465.50,401.24,447.11,1903040000.00,42947937239.00
29-Nov-17,473.28,522.31,425.07,427.52,2675940096.00,41057383009.00
28-Nov-17,480.52,482.48,466.35,472.90,1346499968.00,45405717909.00
27-Nov-17,471.53,493.40,468.48,480.36,1396480000.00,46111561438.00
26-Nov-17,465.97,472.72,451.61,471.33,1197779968.00,45235644662.00
25-Nov-17,475.68,485.19,461.05,466.28,1422080000.00,44741093552.00
24-Nov-17,412.50,480.97,402.76,474.91,2292829952.00,45560021462.00
23-Nov-17,381.44,425.55,376.09,410.17,1845680000.00,39340408036.00
22-Nov-17,360.31,381.42,360.15,380.65,800819008.00,36501878925.00
21-Nov-17,367.44,372.47,350.69,360.40,949912000.00,34552559750.00
20-Nov-17,354.09,372.14,353.29,366.73,807027008.00,35151847933.00
19-Nov-17,347.40,371.29,344.74,354.39,1181529984.00,33961430090.00
18-Nov-17,331.98,349.62,327.69,347.61,649638976.00,33305160559.00
17-Nov-17,330.17,334.96,327.52,332.39,621732992.00,31840349187.00
16-Nov-17,333.44,336.16,323.61,330.92,797254016.00,31692795453.00
15-Nov-17,337.96,340.91,329.81,333.36,722665984.00,31919060540.00
14-Nov-17,316.76,340.18,316.76,337.63,1069680000.00,32321383639.00
13-Nov-17,307.02,328.42,307.02,316.72,1041889984.00,30312834756.00
12-Nov-17,314.69,319.15,298.51,307.91,1613479936.00,29463540579.00
11-Nov-17,298.59,319.45,298.19,314.68,842300992.00,30105285828.00
10-Nov-17,320.67,324.72,294.54,299.25,885985984.00,28623188738.00
9-Nov-17,308.64,329.45,307.06,320.88,893249984.00,30685584327.00
8-Nov-17,294.27,318.70,293.10,309.07,967955968.00,29549552409.00
7-Nov-17,298.57,304.84,290.77,294.66,540766016.00,28165778801.00
6-Nov-17,296.43,305.42,293.72,298.89,579358976.00,28564296472.00
5-Nov-17,300.04,301.37,295.12,296.26,337657984.00,28307052341.00
4-Nov-17,305.48,305.48,295.80,300.47,416479008.00,28702737365.00
3-Nov-17,288.50,308.31,287.69,305.71,646339968.00,29197317355.00
2-Nov-17,290.73,293.91,281.17,287.43,904900992.00,27445442368.00
1-Nov-17,305.76,306.40,290.58,291.69,553864000.00,27846764494.00
31-Oct-17,307.38,310.55,305.88,305.88,369583008.00,29194751985.00
30-Oct-17,304.78,310.50,304.35,307.75,331441984.00,29367079933.00
29-Oct-17,296.38,313.76,296.38,305.09,551752000.00,29106827254.00
28-Oct-17,297.92,300.36,293.58,296.30,264424000.00,28262202960.00
27-Oct-17,296.51,299.26,294.06,297.42,257168992.00,28363439564.00
26-Oct-17,298.02,301.07,295.22,296.53,270272992.00,28271925666.00
25-Oct-17,298.44,301.85,290.72,297.92,325040000.00,28399185652.00
24-Oct-17,287.12,311.96,282.66,298.33,684281024.00,28431576038.00
23-Oct-17,295.10,295.75,277.58,286.95,482336000.00,27341319876.00
22-Oct-17,300.55,305.50,292.81,295.45,327387008.00,28144794782.00
21-Oct-17,303.57,303.93,291.77,300.19,408014016.00,28590314194.00
20-Oct-17,308.05,311.44,303.49,304.01,396672992.00,28947916800.00
19-Oct-17,314.54,316.71,305.83,308.09,349830016.00,29330304837.00
18-Oct-17,316.94,317.24,290.64,314.32,606113984.00,29917084625.00
17-Oct-17,333.48,333.48,311.79,317.08,509924000.00,30173609812.00
16-Oct-17,336.71,349.35,332.04,333.38,692884992.00,31718200756.00
15-Oct-17,339.53,342.72,320.43,336.60,635406976.00,32018244067.00
14-Oct-17,338.85,347.98,334.70,339.63,516561984.00,32301459659.00
13-Oct-17,304.08,348.60,299.66,338.76,1304359936.00,32213441854.00
12-Oct-17,303.50,309.15,303.29,304.14,527556992.00,28916525240.00
11-Oct-17,301.18,304.39,299.10,303.46,264146000.00,28847211568.00
10-Oct-17,297.60,306.15,293.17,299.87,359705984.00,28501667385.00
9-Oct-17,308.67,309.31,288.18,297.39,559467008.00,28261533648.00
8-Oct-17,311.06,312.54,308.03,308.61,293167008.00,29322710612.00
7-Oct-17,308.89,313.13,304.98,311.12,342204992.00,29557048403.00
6-Oct-17,295.15,308.84,294.95,308.59,318664000.00,29311483315.00
5-Oct-17,292.77,298.04,288.84,295.86,253747008.00,28098336333.00
4-Oct-17,292.75,299.39,290.89,292.66,257906000.00,27789444567.00
3-Oct-17,297.48,300.11,288.13,292.46,321680000.00,27766443809.00
2-Oct-17,302.48,302.92,294.58,297.48,339443008.00,28237763674.00
1-Oct-17,301.55,303.19,295.06,302.34,306184992.00,28694730559.00
30-Sep-17,291.48,303.96,291.11,301.46,332439008.00,28607406298.00
29-Sep-17,299.12,299.92,279.77,291.47,541374976.00,27654290280.00
28-Sep-17,306.47,307.20,295.47,299.15,501894016.00,28379292201.00
27-Sep-17,287.02,308.02,286.82,306.47,550243968.00,29068342956.00
26-Sep-17,292.35,293.75,287.02,287.44,345800992.00,27259015800.00
25-Sep-17,282.22,293.52,281.88,292.33,483160992.00,27718684465.00
24-Sep-17,286.21,292.95,278.13,282.48,571411008.00,26780610986.00
23-Sep-17,264.60,286.17,261.12,286.17,450934016.00,27125537826.00
22-Sep-17,258.11,270.54,256.22,264.31,430080992.00,25049676632.00
21-Sep-17,283.26,286.61,255.02,258.58,601265984.00,24502550354.00
20-Sep-17,282.02,290.89,278.05,283.74,421404000.00,26881372918.00
19-Sep-17,293.66,295.77,274.48,282.80,646908992.00,26787085258.00
18-Sep-17,252.23,293.50,252.23,293.50,1127750016.00,27794233413.00
17-Sep-17,245.85,257.00,235.24,251.75,427452000.00,23835888183.00
16-Sep-17,250.87,262.59,238.22,246.52,711737024.00,23336257868.00
15-Sep-17,215.22,258.65,195.04,250.46,1935699968.00,23704566170.00
14-Sep-17,276.59,280.84,213.91,213.91,1184589952.00,20240633669.00
13-Sep-17,291.12,291.12,260.61,277.11,921692032.00,26215830135.00
12-Sep-17,294.63,311.20,287.23,291.46,753144000.00,27568017613.00
11-Sep-17,289.74,300.69,286.68,294.53,571307008.00,27852586150.00
10-Sep-17,294.06,294.76,268.97,288.75,698326016.00,27300089799.00
9-Sep-17,296.17,299.89,287.22,294.40,528620992.00,27829435118.00
8-Sep-17,329.64,329.64,285.16,296.50,1098780032.00,28021550341.00
7-Sep-17,333.52,333.52,319.94,329.43,718624000.00,31127463390.00
6-Sep-17,313.80,334.66,313.49,334.34,1058830016.00,31584914370.00
5-Sep-17,297.57,318.57,268.29,312.99,1551049984.00,29562162666.00
4-Sep-17,347.13,347.13,279.94,295.17,1801689984.00,27873682151.00
3-Sep-17,350.23,366.49,332.23,347.48,986265984.00,32807142041.00
2-Sep-17,387.82,389.35,328.10,348.98,1483600000.00,32942250738.00
1-Sep-17,383.47,390.04,383.47,387.74,874222016.00,36593410761.00
31-Aug-17,378.44,386.14,376.35,383.04,706254016.00,36142706814.00
30-Aug-17,369.47,388.75,361.97,378.48,1333319936.00,35705639885.00
29-Aug-17,347.96,373.76,347.79,370.67,1220029952.00,34961063278.00
28-Aug-17,350.04,352.05,338.41,347.75,854318976.00,32792635350.00
27-Aug-17,334.36,347.89,334.36,347.89,633369984.00,32799991739.00
26-Aug-17,331.99,334.98,327.92,333.88,514180992.00,31472781162.00
25-Aug-17,326.11,336.40,325.80,331.92,760329024.00,31281210162.00
24-Aug-17,317.45,327.96,317.08,325.61,697665024.00,30680964300.00
23-Aug-17,315.27,324.21,314.54,317.52,811990016.00,29911326162.00
22-Aug-17,321.05,327.36,297.91,314.79,1336400000.00,29646659314.00
21-Aug-17,300.48,347.05,297.23,321.59,2448969984.00,30280406340.00
20-Aug-17,296.64,301.43,291.58,301.43,571947008.00,28375046491.00
19-Aug-17,296.18,301.67,286.18,297.47,860201984.00,27995885731.00
18-Aug-17,301.70,307.96,292.50,295.59,936160000.00,27812276026.00
17-Aug-17,302.80,311.03,300.25,301.46,909494016.00,28357573570.00
16-Aug-17,289.82,303.41,285.39,302.27,967643008.00,28426961863.00
15-Aug-17,299.95,300.41,279.33,289.82,1051800000.00,27249639651.00
14-Aug-17,298.03,306.81,296.41,300.10,864390976.00,28209451117.00
13-Aug-17,310.37,310.82,289.31,298.06,1369369984.00,28011760531.00
12-Aug-17,308.71,317.56,307.90,310.60,1111650048.00,29183139234.00
11-Aug-17,294.49,309.21,294.49,308.86,953576000.00,29013166489.00
10-Aug-17,296.96,306.59,289.93,295.89,1076819968.00,27788165832.00
9-Aug-17,297.63,318.72,276.69,296.03,2638579968.00,27794475648.00
8-Aug-17,269.10,298.91,266.80,296.77,1502409984.00,27857712299.00
7-Aug-17,261.24,271.96,256.69,269.18,935726976.00,25262099071.00
6-Aug-17,256.42,271.05,252.85,261.57,1482979968.00,24541904159.00
5-Aug-17,222.85,256.51,221.95,256.51,1332999936.00,24061766194.00
4-Aug-17,225.31,227.62,222.06,223.07,539782976.00,20920682038.00
3-Aug-17,220.18,228.29,219.89,225.34,557217024.00,21128736918.00
2-Aug-17,227.01,229.51,218.12,219.95,632606016.00,20618746852.00
1-Aug-17,204.69,227.74,204.69,226.77,1585330048.00,21252988047.00
31-Jul-17,197.40,203.87,193.41,203.87,569414016.00,19102596755.00
30-Jul-17,206.74,208.54,196.15,197.98,596233984.00,18545669554.00
29-Jul-17,193.34,208.68,179.65,205.79,824355008.00,19272280500.00
28-Jul-17,204.32,204.90,192.30,193.12,562571008.00,18081289103.00
27-Jul-17,204.86,206.44,201.26,204.32,393283008.00,19124468250.00
26-Jul-17,207.09,210.77,194.78,203.95,717692032.00,19085332800.00
25-Jul-17,224.37,225.32,195.85,206.71,1095760000.00,19338262506.00
24-Jul-17,226.29,227.54,222.45,224.71,431691008.00,21016755177.00
23-Jul-17,229.12,231.68,217.72,225.95,649614976.00,21127295409.00
22-Jul-17,217.86,232.70,216.87,229.48,618259968.00,21451273566.00
21-Jul-17,226.06,235.12,213.01,218.30,1006129984.00,20401709506.00
20-Jul-17,205.42,233.90,203.22,227.26,2224999936.00,21233651866.00
19-Jul-17,234.94,245.65,191.74,199.70,2328790016.00,18653610729.00
18-Jul-17,195.03,267.99,182.06,234.39,2709260032.00,21887962776.00
17-Jul-17,159.99,194.75,158.04,193.42,1669500032.00,18057735704.00
16-Jul-17,169.57,172.01,133.72,157.36,1516889984.00,14687441605.00
15-Jul-17,199.71,200.16,170.65,170.65,810451968.00,15923953593.00
14-Jul-17,209.53,211.10,187.37,199.66,749382016.00,18625794688.00
13-Jul-17,231.81,231.81,200.07,209.73,828489024.00,19560300930.00
12-Jul-17,197.15,230.77,189.59,230.77,1241190016.00,21517152174.00
11-Jul-17,211.52,220.29,183.39,197.40,1440950016.00,18401040701.00
10-Jul-17,243.01,243.07,196.96,215.36,937219008.00,20069373698.00
9-Jul-17,251.82,255.10,242.14,242.14,505118016.00,22559120946.00
8-Jul-17,245.89,273.48,236.55,251.70,754958016.00,23443013086.00
7-Jul-17,270.35,273.94,244.17,245.99,687251968.00,22900134646.00
6-Jul-17,268.86,278.48,265.51,270.55,623080000.00,25179348911.00
5-Jul-17,273.10,275.13,261.45,268.77,790256000.00,25011710285.00
4-Jul-17,282.19,287.39,273.11,273.30,687691008.00,25425860777.00
3-Jul-17,288.41,291.10,281.18,282.90,851408000.00,26310761677.00
2-Jul-17,275.12,295.51,262.52,287.99,1123330048.00,26776243984.00
1-Jul-17,293.35,293.75,268.62,274.60,1089200000.00,25524313603.00
30-Jun-17,303.15,315.17,288.44,294.92,1011800000.00,27404731861.00
29-Jun-17,328.37,330.71,297.37,302.88,1508579968.00,28136918558.00
28-Jun-17,293.04,333.10,276.41,327.93,2056550016.00,30454577323.00
27-Jun-17,272.69,293.09,227.14,293.09,1973869952.00,27211279055.00
26-Jun-17,302.95,311.46,238.65,272.69,2081810048.00,25309759968.00
25-Jun-17,323.47,332.79,284.65,303.25,1186880000.00,28138409364.00
24-Jun-17,341.63,343.62,322.09,323.70,673585024.00,30027238696.00
23-Jun-17,336.48,348.01,334.99,341.74,593206976.00,31691908924.00
22-Jun-17,337.73,342.03,330.62,336.37,925766976.00,31185326164.00
21-Jun-17,359.54,361.34,319.48,336.87,1420130048.00,31222823000.00
20-Jun-17,370.33,377.97,350.94,359.01,1020390016.00,33260958885.00
19-Jun-17,371.86,377.11,369.76,370.06,685171968.00,34278915230.00
18-Jun-17,379.52,390.58,368.84,371.46,904702976.00,34398150201.00
17-Jun-17,369.88,379.41,364.00,379.41,904652992.00,35124053707.00
16-Jun-17,361.18,373.05,341.42,370.23,1096280064.00,34263095462.00
15-Jun-17,358.51,364.44,300.70,361.93,2463450112.00,33485258152.00
14-Jun-17,397.59,399.32,342.21,359.05,1272579968.00,33208658542.00
13-Jun-17,395.69,411.18,370.06,397.54,1717379968.00,36756801123.00
12-Jun-17,341.16,414.76,341.16,401.49,2882650112.00,37110948644.00
11-Jun-17,338.79,353.01,318.17,340.61,1373219968.00,31473965821.00
10-Jun-17,282.01,350.26,282.01,337.67,1611629952.00,31192780483.00
9-Jun-17,261.75,282.76,261.75,281.74,557985984.00,26018098658.00
8-Jun-17,257.99,262.25,253.98,261.67,385494016.00,24157329921.00
7-Jun-17,264.26,264.67,254.04,258.07,461648992.00,23818300202.00
6-Jun-17,248.60,267.51,246.84,264.47,741553024.00,24401181121.00
5-Jun-17,245.26,249.47,243.05,248.46,435660000.00,22917910489.00
4-Jun-17,224.12,250.41,223.98,245.33,753820032.00,22622207553.00
3-Jun-17,223.46,225.97,219.42,224.38,427896000.00,20683715605.00
2-Jun-17,222.29,229.41,219.58,223.77,469532000.00,20622162299.00
1-Jun-17,230.89,236.22,214.48,222.24,812924032.00,20474652879.00
31-May-17,231.58,236.96,215.57,230.67,1271600000.00,21244817139.00
30-May-17,195.61,233.71,189.29,231.91,1586669952.00,21352550184.00
29-May-17,170.13,197.13,164.53,194.91,718828032.00,17939882189.00
28-May-17,158.82,179.93,157.60,170.51,717971008.00,15689192548.00
27-May-17,159.82,166.95,120.44,157.76,1217059968.00,14511207045.00
26-May-17,175.22,193.69,150.28,160.40,792457984.00,14749889600.00
25-May-17,189.85,210.98,170.51,174.45,943636992.00,16036165877.00
24-May-17,182.65,228.37,182.45,190.05,561014016.00,17464735543.00
23-May-17,170.82,183.55,169.93,181.95,530708992.00,16715702521.00
22-May-17,158.17,201.75,152.47,174.26,1188909952.00,16004156112.00
21-May-17,127.54,159.03,125.89,157.94,570361024.00,14500421529.00
20-May-17,129.22,133.64,124.70,126.52,331455008.00,11612447946.00
19-May-17,97.05,133.56,97.05,129.53,626945024.00,11884632930.00
18-May-17,89.84,97.37,89.84,96.91,196236992.00,8888797357.00
17-May-17,89.25,91.27,84.43,89.86,183031008.00,8239948169.00
16-May-17,92.39,93.56,89.12,89.44,152284992.00,8198722531.00
15-May-17,90.78,95.43,86.83,92.41,170999008.00,8468960166.00
14-May-17,90.87,91.25,89.61,90.79,66046600.00,8317148601.00
13-May-17,88.69,93.81,86.66,90.84,88742200.00,8319066651.00
12-May-17,89.43,93.12,88.66,88.66,145824992.00,8116816184.00
11-May-17,89.77,102.55,88.48,89.88,132722000.00,8226220249.00
10-May-17,91.15,92.85,85.29,89.52,145602000.00,8191083680.00
9-May-17,91.23,93.06,80.39,91.16,363433984.00,8338258352.00
8-May-17,93.75,95.14,89.51,91.42,231344000.00,8359085414.00
7-May-17,97.87,98.24,89.87,94.01,183295008.00,8592854298.00
6-May-17,94.91,97.88,90.95,97.81,151462000.00,8937843151.00
5-May-17,96.73,103.23,92.22,94.40,331928000.00,8622992171.00
4-May-17,79.72,97.56,79.43,96.98,366847008.00,8856050446.00
3-May-17,77.25,80.10,75.76,79.72,141922000.00,7277279246.00
2-May-17,76.65,79.35,74.38,77.26,193772992.00,7050941746.00
1-May-17,79.32,82.52,73.09,76.30,376841984.00,6960466482.00
30-Apr-17,68.54,79.02,68.35,79.02,229944992.00,7206669917.00
29-Apr-17,71.39,71.90,66.78,68.38,165448000.00,6233911088.00
28-Apr-17,62.23,70.85,62.13,70.16,346545984.00,6394355247.00
27-Apr-17,52.81,62.17,52.29,62.17,246775008.00,5664157655.00
26-Apr-17,49.91,53.44,49.91,52.72,104884000.00,4801851008.00
25-Apr-17,50.07,50.30,49.81,49.89,38264600.00,4542708761.00
24-Apr-17,48.87,50.18,48.87,50.03,55580600.00,4553943109.00
23-Apr-17,48.59,48.89,48.17,48.49,36234000.00,4412126295.00
22-Apr-17,48.18,48.74,48.17,48.55,37357600.00,4416442028.00
21-Apr-17,49.64,49.66,48.14,48.22,45048300.00,4385105012.00
20-Apr-17,48.13,49.99,48.13,49.67,79600896.00,4515241563.00
19-Apr-17,50.73,50.95,47.26,48.31,76281000.00,4389519738.00
18-Apr-17,48.32,51.03,48.30,50.71,78748496.00,4606307174.00
17-Apr-17,48.66,48.75,48.05,48.30,44013300.00,4386552041.00
16-Apr-17,49.04,49.14,48.19,48.72,31343800.00,4422644315.00
15-Apr-17,47.65,49.57,47.18,49.10,66207800.00,4455916490.00
14-Apr-17,49.97,50.05,46.76,47.57,91674400.00,4315878957.00
13-Apr-17,46.31,50.91,46.31,50.22,157200000.00,4554299452.00
12-Apr-17,43.46,47.23,43.11,46.29,88045696.00,4196302994.00
11-Apr-17,43.50,44.25,43.30,43.41,38303300.00,3933886291.00
10-Apr-17,43.28,44.14,42.42,43.44,44061500.00,3935103268.00
9-Apr-17,44.28,44.49,42.89,43.27,55143000.00,3918563431.00
8-Apr-17,41.80,45.21,41.73,44.31,74138800.00,4011422381.00
7-Apr-17,42.87,44.04,41.65,42.16,81474704.00,3815963046.00
6-Apr-17,45.22,45.64,40.90,43.24,147120000.00,3912317959.00
5-Apr-17,44.66,47.84,44.54,45.30,119733000.00,4097477788.00
4-Apr-17,43.92,45.74,41.72,44.64,157568000.00,4036201194.00
3-Apr-17,48.82,48.82,43.41,44.36,190512992.00,4009009196.00
2-Apr-17,50.74,51.27,45.43,48.75,134604000.00,4404475423.00
1-Apr-17,50.03,51.93,48.88,50.70,92461904.00,4579187936.00
31-Mar-17,51.75,51.77,47.38,50.04,151416000.00,4517835716.00
30-Mar-17,53.12,53.31,51.87,52.21,86885696.00,4711996588.00
29-Mar-17,50.57,53.87,50.55,53.13,144998000.00,4793424049.00
28-Mar-17,49.71,50.96,49.15,50.77,97745296.00,4579693493.00
27-Mar-17,51.31,52.46,48.93,49.67,118978000.00,4478238274.00
26-Mar-17,50.77,51.80,49.28,50.52,106859000.00,4553738462.00
25-Mar-17,53.58,53.58,48.31,51.25,223059008.00,4617794703.00
24-Mar-17,43.64,54.14,43.21,53.11,297046016.00,4783511280.00
23-Mar-17,42.57,44.75,41.30,43.68,100724000.00,3932863932.00
22-Mar-17,43.12,43.52,39.69,42.34,113952000.00,3811229796.00
21-Mar-17,43.51,44.26,42.37,43.15,91265400.00,3882154700.00
20-Mar-17,44.83,46.23,42.44,43.39,154700992.00,3902862599.00
19-Mar-17,35.53,47.00,35.34,44.74,239430000.00,4022867100.00
18-Mar-17,46.87,46.87,31.70,34.16,262180000.00,3070500515.00
17-Mar-17,45.93,55.11,38.21,46.83,497534016.00,4207676009.00
16-Mar-17,35.36,47.17,35.36,46.35,454417984.00,4162873752.00
15-Mar-17,28.65,35.06,28.43,35.06,170344000.00,3147689118.00
14-Mar-17,28.57,29.93,27.32,28.65,101797000.00,2572014998.00
13-Mar-17,23.50,30.60,23.50,28.59,255488000.00,2565583285.00
12-Mar-17,21.46,23.44,21.38,23.44,74628896.00,2102276260.00
11-Mar-17,19.37,21.59,19.01,21.47,69150096.00,1925342939.00
10-Mar-17,17.74,19.66,17.68,19.33,87506800.00,1732837145.00
9-Mar-17,16.64,17.87,16.37,17.75,31418400.00,1590879625.00
8-Mar-17,18.88,18.88,16.65,16.65,44304600.00,1491498830.00
7-Mar-17,19.58,19.63,18.64,18.89,37972200.00,1691307055.00
6-Mar-17,19.28,20.10,19.11,19.61,32432700.00,1754907794.00
5-Mar-17,18.50,19.42,18.23,19.30,26816300.00,1727148626.00
4-Mar-17,19.52,20.06,18.62,18.62,27341900.00,1665411583.00
3-Mar-17,19.04,20.67,18.41,19.46,95863400.00,1739949803.00
2-Mar-17,17.36,19.35,16.95,19.03,83627104.00,1701011948.00
1-Mar-17,15.85,17.37,15.56,17.35,44927500.00,1550251865.00
28-Feb-17,15.45,16.06,15.12,15.82,65478900.00,1412825288.00
27-Feb-17,14.51,15.68,14.27,15.40,31667000.00,1374757041.00
26-Feb-17,13.52,14.54,13.40,14.52,20307500.00,1296040794.00
25-Feb-17,13.06,13.72,12.98,13.55,18533900.00,1208911983.00
24-Feb-17,13.13,13.23,12.88,13.07,19574400.00,1165715765.00
23-Feb-17,12.60,13.21,12.56,13.12,14522300.00,1169783161.00
22-Feb-17,12.69,12.76,12.55,12.60,10360900.00,1123050433.00
21-Feb-17,12.34,12.77,12.21,12.67,15183300.00,1128781640.00
20-Feb-17,12.77,12.90,12.43,12.43,12994400.00,1107158285.00
19-Feb-17,12.82,12.87,12.71,12.76,7799740.00,1136008890.00
18-Feb-17,12.71,12.83,12.68,12.81,9370010.00,1140211197.00
17-Feb-17,12.90,12.91,12.66,12.68,11636500.00,1127915204.00
16-Feb-17,12.92,12.92,12.54,12.90,38002600.00,1147726668.00
15-Feb-17,13.04,13.04,12.64,12.92,18464700.00,1148742628.00
14-Feb-17,11.29,13.33,11.29,13.03,42911500.00,1157709435.00
13-Feb-17,11.38,11.39,11.17,11.27,7216520.00,1001304093.00
12-Feb-17,11.35,11.40,11.30,11.40,6264900.00,1012466457.00
11-Feb-17,11.29,11.43,11.24,11.35,7544520.00,1007694076.00
10-Feb-17,11.05,11.34,10.78,11.28,11914200.00,1001069228.00
9-Feb-17,11.44,11.60,10.67,11.03,18400300.00,978825690.00
8-Feb-17,11.54,11.63,11.24,11.43,9688630.00,1013867331.00
7-Feb-17,11.43,11.61,11.41,11.52,7629640.00,1020961130.00
6-Feb-17,11.35,11.48,11.34,11.39,5695440.00,1009440330.00
5-Feb-17,11.44,11.49,11.32,11.35,5942960.00,1005855021.00
4-Feb-17,11.13,11.50,11.13,11.43,14139500.00,1012625893.00
3-Feb-17,10.81,11.11,10.76,11.11,12897800.00,984019776.00
2-Feb-17,10.74,10.89,10.55,10.82,10172500.00,957731836.00
1-Feb-17,10.74,10.85,10.56,10.73,12852200.00,949491718.00
31-Jan-17,10.56,10.75,10.55,10.73,11648700.00,948748952.00
30-Jan-17,10.49,10.71,10.47,10.57,8042180.00,934593362.00
29-Jan-17,10.56,10.57,10.45,10.48,4689950.00,926548657.00
28-Jan-17,10.54,10.58,10.43,10.56,6580700.00,933378690.00
27-Jan-17,10.58,10.61,10.44,10.54,7189170.00,930599699.00
26-Jan-17,10.57,10.67,10.51,10.59,8465020.00,934844928.00
25-Jan-17,10.62,10.62,10.48,10.57,6751450.00,932866678.00
24-Jan-17,10.73,10.77,10.57,10.63,8327330.00,938004330.00
23-Jan-17,10.71,10.84,10.67,10.82,7267210.00,954275900.00
22-Jan-17,10.91,10.97,10.58,10.70,8678620.00,943567856.00
21-Jan-17,10.60,10.98,10.58,10.91,11937600.00,961383820.00
20-Jan-17,10.39,10.76,10.35,10.60,10992800.00,933854252.00
19-Jan-17,10.24,10.44,10.18,10.40,8347550.00,915611849.00
18-Jan-17,10.30,10.52,9.94,10.23,10788200.00,900365728.00
17-Jan-17,9.64,10.61,9.54,10.30,18391900.00,906597925.00
16-Jan-17,9.88,9.93,9.58,9.64,14937400.00,847706513.00
15-Jan-17,9.83,10.00,9.60,9.90,14837900.00,870948977.00
14-Jan-17,9.79,9.89,9.44,9.65,20085800.00,847990590.00
13-Jan-17,9.83,9.85,9.51,9.77,25066600.00,858481082.00
12-Jan-17,9.72,10.08,9.18,9.86,30453800.00,866237622.00
11-Jan-17,10.54,10.66,9.46,9.72,26823500.00,853319722.00
10-Jan-17,10.37,10.69,10.29,10.55,10879700.00,926031183.00
9-Jan-17,10.31,10.78,10.14,10.33,25718300.00,906044584.00
8-Jan-17,9.87,10.39,9.83,10.29,16676600.00,902576769.00
7-Jan-17,10.24,10.28,9.59,9.87,23153600.00,865194523.00
6-Jan-17,10.29,10.63,9.63,10.25,29471800.00,898845928.00
5-Jan-17,11.29,11.89,9.40,10.25,41557400.00,898497892.00
4-Jan-17,9.71,11.28,9.56,11.25,41051200.00,985515893.00
3-Jan-17,8.37,10.00,8.32,9.73,33625200.00,851512055.00
2-Jan-17,8.17,8.44,8.05,8.38,14579600.00,733331654.00
1-Jan-17,7.98,8.47,7.98,8.17,14731700.00,715049208.00
31-Dec-16,8.15,8.16,7.91,7.97,9066800.00,696993600.00
30-Dec-16,8.29,8.47,8.05,8.16,13909900.00,713433620.00
29-Dec-16,7.54,8.53,7.54,8.28,27543800.00,724028107.00
28-Dec-16,7.15,7.62,7.08,7.52,17453300.00,657011884.00
27-Dec-16,7.28,7.32,7.09,7.17,8778610.00,626268701.00
26-Dec-16,7.13,7.33,7.05,7.27,5836810.00,635060699.00
25-Dec-16,7.26,7.34,7.14,7.18,8671840.00,626189631.00
24-Dec-16,7.15,7.41,7.15,7.27,7626020.00,633871896.00
23-Dec-16,7.58,7.69,7.16,7.17,19613100.00,624956487.00
22-Dec-16,7.90,7.91,7.50,7.59,16376700.00,661247899.00
21-Dec-16,7.66,7.94,7.66,7.91,9393550.00,689718972.00
20-Dec-16,7.63,7.75,7.57,7.66,6313550.00,667309961.00
19-Dec-16,7.87,7.87,7.63,7.64,5894760.00,665654987.00
18-Dec-16,7.86,7.93,7.72,7.87,5890020.00,684696555.00
17-Dec-16,7.86,7.90,7.52,7.88,8502620.00,685426528.00
16-Dec-16,7.86,7.93,7.80,7.86,5178610.00,683575806.00
15-Dec-16,8.24,8.24,7.72,7.83,13184400.00,680740349.00
14-Dec-16,8.45,8.52,8.25,8.27,7337220.00,718460239.00
13-Dec-16,8.52,8.53,8.35,8.42,4486190.00,731892846.00
12-Dec-16,8.19,8.61,8.17,8.52,9119700.00,740255866.00
11-Dec-16,8.13,8.27,8.10,8.19,5545500.00,711457159.00
10-Dec-16,8.44,8.53,8.02,8.13,8108370.00,705254561.00
9-Dec-16,8.17,8.67,8.05,8.45,12916300.00,732836297.00
8-Dec-16,8.38,8.86,8.23,8.23,16042700.00,713877391.00
7-Dec-16,7.89,8.54,7.33,8.38,22229600.00,726702380.00
6-Dec-16,6.80,7.92,5.98,7.87,50671200.00,682013454.00
5-Dec-16,7.41,7.64,6.66,6.82,17344500.00,591026579.00
4-Dec-16,7.90,7.95,7.44,7.44,8450790.00,644685715.00
3-Dec-16,7.77,8.15,7.67,7.92,12112100.00,685808136.00
2-Dec-16,8.46,8.46,7.42,7.76,18579800.00,671587252.00
1-Dec-16,8.60,8.65,8.36,8.45,5882340.00,731254342.00
30-Nov-16,8.16,8.75,8.16,8.59,10626600.00,742664775.00
29-Nov-16,8.73,8.74,7.88,8.17,17000400.00,706651179.00
28-Nov-16,9.00,9.01,8.72,8.72,6046890.00,753971438.00
27-Nov-16,9.31,9.33,8.78,9.00,8707660.00,777313922.00
26-Nov-16,9.42,9.50,9.31,9.33,3505990.00,805474198.00
25-Nov-16,9.23,9.75,9.21,9.40,7669720.00,811553949.00
24-Nov-16,9.85,9.85,8.93,9.23,15987800.00,796538442.00
23-Nov-16,9.92,9.96,9.76,9.84,4812310.00,849020680.00
22-Nov-16,9.63,10.24,9.59,9.91,11284400.00,854053528.00
21-Nov-16,9.58,9.64,9.54,9.62,3663210.00,829190391.00
20-Nov-16,9.66,9.71,9.52,9.58,5173420.00,825305262.00
19-Nov-16,9.48,9.75,9.48,9.66,5186540.00,832183861.00
18-Nov-16,9.99,10.01,9.48,9.48,10816100.00,815806832.00
17-Nov-16,10.06,10.19,9.92,9.99,6984700.00,859814328.00
16-Nov-16,10.22,10.33,9.93,10.06,9533550.00,865349966.00
15-Nov-16,9.97,10.32,9.85,10.22,6557550.00,878653067.00
14-Nov-16,10.10,10.16,9.96,9.97,3573250.00,856753361.00
13-Nov-16,9.89,10.41,9.84,10.10,8227770.00,868038290.00
12-Nov-16,10.29,10.34,9.70,9.88,10052500.00,848509382.00
11-Nov-16,10.51,10.57,10.26,10.29,6056300.00,883565427.00
10-Nov-16,10.67,10.68,10.51,10.52,4253980.00,903380024.00
9-Nov-16,10.82,10.83,10.22,10.66,14606600.00,914292103.00
8-Nov-16,10.85,10.92,10.74,10.83,6258150.00,929246807.00
7-Nov-16,10.90,10.96,10.78,10.81,5992480.00,926761430.00
6-Nov-16,10.99,11.25,10.85,10.87,5688710.00,931947467.00
5-Nov-16,11.09,11.24,10.88,11.00,5502670.00,942653972.00
4-Nov-16,10.82,11.12,10.82,11.09,9958040.00,949862035.00
3-Nov-16,10.80,11.11,10.76,10.80,15228600.00,924716659.00
2-Nov-16,10.77,11.16,10.69,10.75,11691700.00,920236997.00
1-Nov-16,10.96,11.18,10.30,10.77,22901300.00,921057444.00
31-Oct-16,11.23,11.50,10.94,11.00,13393900.00,940578264.00
30-Oct-16,10.43,11.45,10.29,11.18,16694900.00,956007454.00
29-Oct-16,11.10,11.20,9.56,10.44,27070400.00,892565736.00
28-Oct-16,11.47,11.58,10.95,11.09,13971500.00,946972469.00
27-Oct-16,11.53,11.61,11.26,11.50,13255400.00,982033774.00
26-Oct-16,11.38,11.66,11.38,11.53,10221800.00,984429110.00
25-Oct-16,11.97,11.99,11.15,11.41,19316000.00,973991742.00
24-Oct-16,12.04,12.10,11.91,11.97,5739690.00,1020971991.00
23-Oct-16,12.13,12.14,11.94,12.04,5774660.00,1026301229.00
22-Oct-16,12.18,12.19,11.95,12.07,7583820.00,1028949804.00
21-Oct-16,12.13,12.21,12.02,12.18,5676920.00,1037420190.00
20-Oct-16,12.05,12.29,12.00,12.10,8170760.00,1030522234.00
19-Oct-16,12.59,12.62,11.91,12.02,10576200.00,1023599502.00
18-Oct-16,12.00,12.93,12.00,12.59,18864200.00,1071362741.00
17-Oct-16,11.96,12.03,11.86,12.01,5724440.00,1021302744.00
16-Oct-16,11.98,12.01,11.93,11.95,3617280.00,1016373308.00
15-Oct-16,11.94,12.00,11.78,11.98,4991840.00,1018682988.00
14-Oct-16,11.99,12.07,11.90,11.94,4333510.00,1014456176.00
13-Oct-16,11.91,12.13,11.78,11.96,8665190.00,1016169767.00
12-Oct-16,11.78,12.07,11.71,11.93,9694640.00,1013248317.00
11-Oct-16,11.76,12.16,11.75,11.79,11727700.00,1000308761.00
10-Oct-16,12.06,12.06,11.62,11.76,10809200.00,997363895.00
9-Oct-16,12.22,12.36,11.98,12.05,7208480.00,1022264082.00
8-Oct-16,12.67,12.69,12.05,12.22,11611200.00,1035883228.00
7-Oct-16,12.85,12.99,12.53,12.67,8933050.00,1073405275.00
6-Oct-16,13.03,13.14,12.69,12.85,12044800.00,1088798918.00
5-Oct-16,13.28,13.35,13.04,13.04,9881370.00,1103736600.00
4-Oct-16,13.45,13.53,13.21,13.28,8348280.00,1123727868.00
3-Oct-16,13.20,13.49,13.19,13.45,7458320.00,1138142255.00
2-Oct-16,13.18,13.30,13.14,13.20,4079660.00,1116323115.00
1-Oct-16,13.20,13.31,13.05,13.17,6331160.00,1113568557.00
30-Sep-16,13.08,13.34,13.02,13.22,5950840.00,1117517388.00
29-Sep-16,13.28,13.34,13.07,13.07,5990630.00,1104310043.00
28-Sep-16,13.11,13.48,13.08,13.27,10239000.00,1120893441.00
27-Sep-16,12.86,13.21,12.86,13.10,6831070.00,1105565483.00
26-Sep-16,13.17,13.17,12.74,12.82,7213070.00,1081884909.00
25-Sep-16,12.85,13.11,12.80,13.10,5283440.00,1104901553.00
24-Sep-16,13.32,13.34,12.68,12.88,9824880.00,1085651021.00
23-Sep-16,13.21,13.45,13.10,13.33,9166430.00,1123430818.00
22-Sep-16,13.66,13.66,12.48,13.25,27382800.00,1115922936.00
21-Sep-16,14.43,14.43,13.17,13.77,28645000.00,1159365902.00
20-Sep-16,13.21,14.43,13.12,14.43,31929100.00,1214629780.00
19-Sep-16,12.44,13.19,12.42,13.19,13838800.00,1109717807.00
18-Sep-16,12.69,12.99,12.16,12.43,22433300.00,1045462817.00
17-Sep-16,12.56,12.76,12.44,12.70,7446610.00,1067645133.00
16-Sep-16,11.96,12.75,11.90,12.56,17421500.00,1055235487.00
15-Sep-16,11.94,12.14,11.92,11.94,7309090.00,1002844845.00
14-Sep-16,11.90,12.00,11.86,11.92,5694820.00,1001301306.00
13-Sep-16,11.89,12.09,11.88,11.92,11704300.00,1000535934.00
12-Sep-16,11.64,11.95,11.61,11.89,7478080.00,998057810.00
11-Sep-16,12.21,12.21,11.59,11.64,8791180.00,976259356.00
10-Sep-16,11.66,12.22,11.54,12.17,7220300.00,1020331771.00
9-Sep-16,11.41,11.68,11.39,11.65,6109200.00,976718524.00
8-Sep-16,11.55,11.70,11.25,11.35,11535000.00,950629714.00
7-Sep-16,11.69,11.73,11.52,11.55,6115050.00,967186182.00
6-Sep-16,11.73,11.73,11.47,11.69,6346330.00,978635238.00
5-Sep-16,11.68,11.81,11.59,11.72,5724100.00,980599518.00
4-Sep-16,11.75,11.79,11.47,11.68,7220550.00,977118527.00
3-Sep-16,12.11,12.36,11.35,11.76,13358800.00,983336326.00
2-Sep-16,11.96,12.31,11.88,12.11,9368300.00,1012583470.00
1-Sep-16,11.67,12.58,11.65,11.99,24051500.00,1002322694.00
31-Aug-16,11.24,11.68,11.18,11.67,11073700.00,975003119.00
30-Aug-16,10.99,11.30,10.96,11.23,7221260.00,937596563.00
29-Aug-16,10.92,11.15,10.79,10.98,8130540.00,916781161.00
28-Aug-16,11.15,11.15,10.92,10.93,5303040.00,911883241.00
27-Aug-16,11.29,11.29,11.14,11.15,15108400.00,929789646.00
26-Aug-16,11.35,11.45,11.21,11.30,5857850.00,941701926.00
25-Aug-16,11.03,11.39,11.02,11.36,8552380.00,946508890.00
24-Aug-16,11.02,11.15,11.01,11.04,4423420.00,919368975.00
23-Aug-16,11.14,11.23,10.90,11.03,6489380.00,918563334.00
22-Aug-16,11.19,11.34,11.07,11.12,6588920.00,925725247.00
21-Aug-16,11.25,11.25,10.99,11.18,4355660.00,930217061.00
20-Aug-16,10.75,11.30,10.75,11.25,7443540.00,935523908.00
19-Aug-16,10.75,10.80,10.73,10.75,5390850.00,893697474.00
18-Aug-16,10.75,11.01,10.74,10.76,6935800.00,893970119.00
17-Aug-16,11.13,11.15,10.75,10.75,8833760.00,893343056.00
16-Aug-16,11.23,11.24,11.00,11.14,7051510.00,925130735.00
15-Aug-16,11.20,11.31,11.00,11.22,7500840.00,931306989.00
14-Aug-16,11.58,11.69,11.10,11.19,8680160.00,928985642.00
13-Aug-16,11.77,11.79,11.51,11.57,7539490.00,959859186.00
12-Aug-16,11.69,12.04,11.64,11.78,13690100.00,976670290.00
11-Aug-16,12.14,12.27,11.63,11.69,17505000.00,969030731.00
10-Aug-16,12.23,12.46,11.98,12.14,28096300.00,1006130318.00
9-Aug-16,11.27,12.45,11.20,12.24,36656600.00,1014113084.00
8-Aug-16,10.91,11.33,10.86,11.25,14956700.00,931013385.00
7-Aug-16,10.86,11.09,10.78,10.91,16551000.00,903026897.00
6-Aug-16,10.92,10.94,10.29,10.88,16712600.00,900151688.00
5-Aug-16,11.02,11.18,10.76,10.93,15487900.00,903471435.00
4-Aug-16,10.31,11.29,10.16,11.04,38151400.00,912823135.00
3-Aug-16,8.88,10.42,8.88,10.29,53979400.00,850578647.00
2-Aug-16,10.95,11.14,8.20,8.79,88803296.00,725809584.00
1-Aug-16,11.89,12.01,10.94,10.94,23999500.00,903408507.00
31-Jul-16,12.44,12.51,11.55,11.88,25441400.00,980174931.00
30-Jul-16,12.80,12.80,12.46,12.46,9047810.00,1028064459.00
29-Jul-16,12.84,12.87,12.55,12.79,14082300.00,1055182413.00
28-Jul-16,12.98,12.99,12.49,12.84,24603900.00,1058813509.00
27-Jul-16,12.05,13.31,11.84,12.97,58278800.00,1069044527.00
26-Jul-16,13.82,13.85,11.73,11.99,94428800.00,987619812.00
25-Jul-16,12.74,13.86,12.68,13.84,36673800.00,1139304848.00
24-Jul-16,14.30,14.44,12.32,12.75,77750800.00,1049423539.00
23-Jul-16,14.67,14.90,14.05,14.30,32489700.00,1176571490.00
22-Jul-16,12.66,14.81,12.54,14.66,74779504.00,1205898353.00
21-Jul-16,12.46,12.71,11.99,12.65,24636900.00,1040082090.00
20-Jul-16,11.59,12.99,11.57,12.45,60226100.00,1023222624.00
19-Jul-16,11.05,12.01,11.01,11.62,21730000.00,954516828.00
18-Jul-16,11.17,11.61,10.95,11.03,15931900.00,906133047.00
17-Jul-16,11.62,11.67,11.01,11.16,17921600.00,915977475.00
16-Jul-16,11.92,11.94,11.59,11.65,10445700.00,956165958.00
15-Jul-16,11.50,12.43,11.49,11.95,26838900.00,980299532.00
14-Jul-16,10.60,11.68,10.60,11.51,23621900.00,943973547.00
13-Jul-16,10.51,10.59,10.40,10.50,6715660.00,860607720.00
12-Jul-16,10.45,10.76,10.43,10.52,11127700.00,861548337.00
11-Jul-16,10.94,11.01,10.26,10.46,13098000.00,856538034.00
10-Jul-16,10.96,11.01,10.78,10.95,5479240.00,896201853.00
9-Jul-16,11.42,11.46,10.73,10.97,17254800.00,897316512.00
8-Jul-16,10.12,11.52,9.96,11.39,20039800.00,932056896.00
7-Jul-16,10.54,10.57,9.80,10.11,15407200.00,826607193.00
6-Jul-16,10.58,11.11,10.28,10.53,18137300.00,860571470.00
5-Jul-16,11.46,11.52,9.58,10.61,45526900.00,866971680.00
4-Jul-16,11.70,11.88,11.39,11.47,12943500.00,936840410.00
3-Jul-16,12.12,12.15,11.59,11.72,10588700.00,956815986.00
2-Jul-16,12.22,12.22,11.95,12.13,8987070.00,989751702.00
1-Jul-16,12.44,12.49,11.73,12.20,17236500.00,995164390.00
30-Jun-16,12.60,12.74,12.25,12.46,15801300.00,1016130567.00
29-Jun-16,12.17,13.04,11.69,12.61,26982800.00,1027934140.00
28-Jun-16,13.93,13.98,11.72,12.18,43436600.00,992040075.00
27-Jun-16,13.81,14.12,13.75,13.88,10994700.00,1130782777.00
26-Jun-16,14.26,14.37,13.66,13.85,14747600.00,1127593040.00
25-Jun-16,14.30,14.58,14.02,14.28,15383100.00,1162367709.00
24-Jun-16,13.68,14.57,13.22,14.33,33332900.00,1165908840.00
23-Jun-16,13.22,13.79,12.56,13.68,30806400.00,1112111665.00
22-Jun-16,13.20,15.79,13.10,13.10,96994096.00,1064441461.00
21-Jun-16,11.82,13.42,11.29,13.31,69245600.00,1081206507.00
20-Jun-16,12.24,12.45,10.52,11.84,58143600.00,961613934.00
19-Jun-16,11.17,13.18,10.64,12.23,69783600.00,993283674.00
18-Jun-16,15.38,15.38,9.96,11.33,133937000.00,919553125.00
17-Jun-16,20.65,21.52,13.57,15.38,199408000.00,1247381862.00
16-Jun-16,18.36,20.83,18.36,20.59,38531000.00,1669490450.00
15-Jun-16,18.91,18.91,17.71,18.35,19393400.00,1487730475.00
14-Jun-16,17.61,19.27,17.30,18.89,64412200.00,1530808958.00
13-Jun-16,15.77,17.64,15.72,17.60,38023400.00,1425681023.00
12-Jun-16,14.19,15.90,14.19,15.74,38210300.00,1274609697.00
11-Jun-16,13.91,14.19,13.72,14.19,12176500.00,1148494818.00
10-Jun-16,14.38,14.43,13.82,13.91,11312900.00,1125141726.00
9-Jun-16,14.43,14.57,14.34,14.40,8256830.00,1164331165.00
8-Jun-16,14.51,14.78,14.28,14.42,16941800.00,1165411416.00
7-Jun-16,13.95,14.51,13.81,14.51,21421600.00,1172565099.00
6-Jun-16,14.00,14.06,13.73,13.93,8720400.00,1125426017.00
5-Jun-16,13.76,14.07,13.57,13.98,11088400.00,1128276672.00
4-Jun-16,13.86,13.95,13.42,13.74,15792400.00,1108902326.00
3-Jun-16,13.74,13.87,13.25,13.85,22981500.00,1117035879.00
2-Jun-16,13.99,14.05,13.63,13.74,10477200.00,1107823663.00
1-Jun-16,14.11,14.32,13.44,14.00,22471300.00,1128621280.00
31-May-16,12.74,14.27,12.64,14.08,42433400.00,1134278934.00
30-May-16,12.33,12.88,12.27,12.73,14733800.00,1024940354.00
29-May-16,12.11,12.69,11.78,12.35,28598400.00,994349367.00
28-May-16,11.33,12.36,10.37,11.89,47274800.00,957134590.00
27-May-16,12.39,12.39,10.50,11.30,57496400.00,908715671.00
26-May-16,12.52,12.99,12.06,12.43,20764000.00,999589702.00
25-May-16,12.79,12.90,11.77,12.53,27444700.00,1006875564.00
24-May-16,13.31,13.77,12.01,12.73,41560600.00,1023046506.00
23-May-16,14.28,14.49,13.19,13.46,23842800.00,1081207347.00
22-May-16,14.04,14.35,13.77,14.29,17938900.00,1146979484.00
21-May-16,13.69,14.05,13.12,14.02,24648400.00,1124761560.00
20-May-16,14.85,15.05,13.38,13.64,50544100.00,1093879433.00
19-May-16,13.54,14.87,13.34,14.77,53757500.00,1184385765.00
18-May-16,12.18,14.26,12.18,13.56,65389900.00,1086834954.00
17-May-16,11.19,12.49,11.15,12.20,37198700.00,977439936.00
16-May-16,9.97,11.44,9.97,11.17,29079900.00,894750992.00
15-May-16,10.24,10.44,9.93,9.96,9218400.00,797607883.00
14-May-16,10.51,10.61,9.81,10.24,18808000.00,819487228.00
13-May-16,10.06,11.05,10.02,10.51,31276900.00,840514936.00
12-May-16,10.00,10.51,9.86,10.06,24137700.00,804287196.00
11-May-16,9.43,10.01,9.39,10.00,15267500.00,799045673.00
10-May-16,9.28,9.48,9.26,9.36,9321790.00,748013846.00
9-May-16,9.49,9.64,9.20,9.30,13085300.00,742621899.00
8-May-16,9.37,9.60,8.93,9.48,15031000.00,757112769.00
7-May-16,9.32,9.48,9.21,9.37,10806500.00,747838842.00
6-May-16,9.81,9.95,9.04,9.35,21510600.00,745638476.00
5-May-16,9.40,10.05,9.29,9.83,18296200.00,783576042.00
4-May-16,9.38,10.03,9.27,9.41,17622400.00,750396087.00
3-May-16,10.17,10.17,9.28,9.31,21463900.00,741932869.00
2-May-16,8.89,10.32,8.85,10.16,41019200.00,809492236.00
1-May-16,8.78,9.01,8.43,8.85,16713800.00,704335725.00
30-Apr-16,7.45,9.37,7.45,8.81,36573300.00,701473017.00
29-Apr-16,7.21,7.73,7.17,7.46,8762080.00,593261114.00
28-Apr-16,7.74,7.91,7.17,7.17,11576000.00,570380061.00
27-Apr-16,7.39,7.97,7.32,7.76,19254500.00,616849026.00
26-Apr-16,7.53,7.55,7.06,7.40,17667300.00,587763650.00
25-Apr-16,8.01,8.09,7.24,7.55,18239900.00,600026226.00
24-Apr-16,8.29,8.47,7.96,8.00,10786400.00,635274078.00
23-Apr-16,7.79,8.55,7.74,8.29,14565200.00,658310822.00
22-Apr-16,8.15,8.27,7.67,7.82,13309300.00,620481616.00
21-Apr-16,8.45,8.72,7.96,8.10,13355400.00,642511137.00
20-Apr-16,8.69,8.83,8.31,8.47,15634700.00,671081004.00
19-Apr-16,9.08,9.31,8.60,8.71,12899100.00,690548723.00
18-Apr-16,9.33,9.51,8.50,9.04,21084100.00,715710193.00
17-Apr-16,8.62,9.70,8.56,9.31,24619600.00,737045140.00
16-Apr-16,8.24,8.65,8.11,8.61,9888460.00,681383666.00
15-Apr-16,8.39,8.62,8.10,8.24,12179000.00,652099781.00
14-Apr-16,8.08,8.76,8.02,8.39,13590700.00,663262434.00
13-Apr-16,7.44,8.72,7.07,8.04,31403300.00,635899507.00
12-Apr-16,8.64,8.64,7.15,7.44,23190100.00,588069234.00
11-Apr-16,8.94,8.95,8.00,8.64,15138100.00,682735835.00
10-Apr-16,9.15,9.22,7.46,8.94,42613400.00,705565730.00
9-Apr-16,9.69,10.09,9.07,9.15,16194800.00,722193576.00
8-Apr-16,10.08,10.39,9.66,9.72,14660600.00,766797893.00
7-Apr-16,10.70,10.81,9.95,10.07,13464500.00,794097554.00
6-Apr-16,10.45,10.97,10.28,10.69,16997100.00,842318789.00
5-Apr-16,11.21,11.21,10.13,10.44,20557300.00,822498173.00
4-Apr-16,11.62,11.62,11.02,11.16,9599070.00,878817015.00
3-Apr-16,11.63,11.71,11.51,11.62,5580550.00,914757199.00
2-Apr-16,11.63,11.69,11.40,11.60,8682620.00,912861404.00
1-Apr-16,11.40,11.85,11.40,11.66,11373100.00,917590806.00
31-Mar-16,11.92,12.01,11.32,11.40,14966700.00,896764774.00
30-Mar-16,11.61,12.18,11.47,11.95,19351200.00,939593767.00
29-Mar-16,11.75,11.91,11.35,11.66,17684200.00,915917612.00
28-Mar-16,10.43,11.86,10.41,11.67,23188300.00,916272916.00
27-Mar-16,10.99,11.05,10.11,10.42,16744800.00,818048967.00
26-Mar-16,10.77,11.18,10.59,10.97,9425480.00,861261383.00
25-Mar-16,11.26,11.37,10.53,10.74,13782000.00,842804289.00
24-Mar-16,12.44,12.50,10.80,11.23,26081800.00,881027910.00
23-Mar-16,11.33,12.43,11.24,12.42,19353200.00,973296475.00
22-Mar-16,11.88,12.03,11.18,11.27,19730300.00,883434497.00
21-Mar-16,10.30,12.01,10.16,11.86,28572600.00,928428770.00
20-Mar-16,10.52,10.90,9.57,10.32,17651100.00,807256577.00
19-Mar-16,11.20,11.20,9.78,10.53,26735700.00,823422650.00
18-Mar-16,11.11,11.18,8.52,11.00,53956800.00,859618881.00
17-Mar-16,12.56,12.64,10.44,11.08,41650600.00,865792703.00
16-Mar-16,13.02,13.73,12.50,12.52,24335500.00,974447125.00
15-Mar-16,13.00,13.20,12.05,13.01,28404500.00,1012119266.00
14-Mar-16,14.51,15.01,11.58,12.45,58385100.00,968384041.00
13-Mar-16,13.51,15.26,13.47,14.48,43915100.00,1125287882.00
12-Mar-16,11.13,13.53,11.09,13.53,48957300.00,1051728778.00
11-Mar-16,11.22,11.60,10.39,11.08,21002700.00,861012043.00
10-Mar-16,11.88,12.24,10.99,11.31,26851500.00,877988473.00
9-Mar-16,9.79,12.05,9.67,11.90,27540500.00,923733301.00
8-Mar-16,9.58,10.17,8.82,9.85,25524300.00,764269545.00
7-Mar-16,11.43,11.65,9.31,9.55,34085100.00,741166643.00
6-Mar-16,11.20,11.84,9.99,11.38,39112000.00,882886756.00
5-Mar-16,10.37,12.27,9.97,11.00,56439600.00,853205226.00
4-Mar-16,9.24,10.41,8.48,10.41,35520100.00,806593727.00
3-Mar-16,8.44,10.10,8.33,9.29,40314900.00,720179291.00
2-Mar-16,7.63,8.75,7.37,8.47,29130200.00,655748796.00
1-Mar-16,6.32,7.91,6.31,7.65,23098100.00,592677993.00
29-Feb-16,6.46,6.61,6.05,6.34,7648020.00,490556570.00
28-Feb-16,6.41,6.62,6.24,6.47,9851660.00,500569665.00
27-Feb-16,5.96,6.53,5.92,6.43,8903210.00,497119698.00
26-Feb-16,6.04,6.27,5.74,5.92,9526860.00,457966535.00
25-Feb-16,6.19,6.65,5.55,6.10,21471800.00,471975064.00
24-Feb-16,5.60,6.24,5.51,6.24,11426500.00,481995066.00
23-Feb-16,5.68,5.95,5.39,5.59,13380600.00,431598157.00
22-Feb-16,4.66,5.65,4.64,5.62,15056200.00,433798974.00
21-Feb-16,4.36,4.71,4.23,4.65,6413550.00,359310563.00
20-Feb-16,4.68,4.75,4.13,4.34,8631090.00,335088727.00
19-Feb-16,4.38,4.79,4.27,4.74,7666320.00,365577845.00
18-Feb-16,3.77,4.77,3.42,4.40,17054000.00,339328346.00
17-Feb-16,4.29,4.77,3.50,3.76,15451000.00,289721943.00
16-Feb-16,5.33,5.47,4.03,4.32,15889100.00,332648533.00
15-Feb-16,5.33,5.89,5.02,5.29,13934200.00,407524960.00
14-Feb-16,5.40,5.47,4.45,5.24,11226500.00,403647764.00
13-Feb-16,5.69,5.72,4.19,5.39,24218800.00,414729231.00
12-Feb-16,5.95,6.58,5.07,5.55,23360800.00,427037697.00
11-Feb-16,4.50,6.29,4.34,6.01,26408200.00,462770855.00
10-Feb-16,4.00,4.86,3.78,4.44,28640400.00,341305129.00
9-Feb-16,3.17,4.04,3.17,4.04,17954000.00,311075408.00
8-Feb-16,2.97,3.27,2.88,3.18,9725690.00,244479014.00
7-Feb-16,2.54,3.06,2.54,2.96,7007060.00,227838892.00
6-Feb-16,2.53,2.56,2.47,2.53,1921240.00,194733892.00
5-Feb-16,2.57,2.61,2.47,2.54,2636700.00,195018592.00
4-Feb-16,2.53,2.63,2.44,2.58,3552320.00,197953037.00
3-Feb-16,2.43,2.54,2.34,2.53,3987750.00,194099730.00
2-Feb-16,2.22,2.45,2.16,2.44,3451270.00,187200922.00
1-Feb-16,2.32,2.32,2.12,2.21,3994100.00,169654871.00
31-Jan-16,2.44,2.53,2.19,2.31,5847500.00,176834424.00
30-Jan-16,2.51,2.61,2.40,2.45,3725080.00,187435391.00
29-Jan-16,2.54,2.61,2.30,2.49,6662340.00,191198055.00
28-Jan-16,2.41,2.68,2.34,2.53,4903850.00,193551356.00
27-Jan-16,2.25,2.59,2.19,2.39,6961080.00,182923580.00
26-Jan-16,2.53,2.84,1.99,2.28,13939200.00,174275656.00
25-Jan-16,2.15,2.66,2.06,2.50,10739300.00,191276220.00
24-Jan-16,1.90,2.30,1.90,2.14,9669770.00,163819884.00
23-Jan-16,1.50,2.03,1.50,1.97,7370980.00,150874912.00
22-Jan-16,1.55,1.58,1.47,1.50,1567240.00,114784065.00
21-Jan-16,1.53,1.59,1.49,1.55,1614960.00,118743869.00
20-Jan-16,1.36,1.62,1.35,1.53,2933220.00,117043472.00
19-Jan-16,1.42,1.46,1.31,1.37,2446740.00,104750746.00
18-Jan-16,1.33,1.54,1.32,1.43,4278930.00,108912542.00
17-Jan-16,1.22,1.33,1.21,1.33,1171150.00,101329330.00
16-Jan-16,1.22,1.31,1.17,1.22,2462630.00,93117298.00
15-Jan-16,1.18,1.32,1.14,1.21,3910550.00,92149709.00
14-Jan-16,1.12,1.19,1.10,1.19,751961.00,90714399.00
13-Jan-16,1.14,1.15,1.08,1.13,1005910.00,85775572.00
12-Jan-16,1.07,1.28,1.05,1.14,2898760.00,86951446.00
11-Jan-16,1.00,1.07,1.00,1.06,1011920.00,80874514.00
10-Jan-16,0.99,1.00,0.98,1.00,390888.00,76097646.00
9-Jan-16,0.99,0.99,0.97,0.99,226281.00,75128312.00
8-Jan-16,0.94,0.99,0.94,0.99,545600.00,75099809.00
7-Jan-16,0.96,0.97,0.94,0.94,647462.00,71667152.00
6-Jan-16,0.95,0.96,0.94,0.95,308791.00,72317149.00
5-Jan-16,0.95,0.97,0.95,0.95,219833.00,72240974.00
4-Jan-16,0.97,0.98,0.93,0.95,346245.00,72543707.00
3-Jan-16,0.94,0.99,0.93,0.97,407632.00,73843292.00
2-Jan-16,0.95,0.97,0.94,0.94,255504.00,71176658.00
1-Jan-16,0.93,0.95,0.93,0.95,206062.00,71980386.00
31-Dec-15,0.91,0.98,0.91,0.93,663994.00,70858023.00
30-Dec-15,0.87,0.94,0.87,0.91,604078.00,69196765.00
29-Dec-15,0.84,0.87,0.83,0.87,215742.00,66222901.00
28-Dec-15,0.86,0.87,0.83,0.85,235134.00,64074279.00
27-Dec-15,0.85,0.86,0.84,0.86,164565.00,64913919.00
26-Dec-15,0.87,0.90,0.84,0.85,425282.00,64758910.00
25-Dec-15,0.86,0.88,0.86,0.87,187114.00,65931377.00
24-Dec-15,0.86,0.88,0.85,0.86,354646.00,65371538.00
23-Dec-15,0.86,0.88,0.86,0.86,334993.00,64957356.00
22-Dec-15,0.89,0.91,0.86,0.86,454249.00,65398932.00
21-Dec-15,0.91,0.92,0.89,0.90,549113.00,68143246.00
20-Dec-15,0.91,0.94,0.90,0.90,472164.00,68356313.00
19-Dec-15,0.92,0.93,0.89,0.91,343535.00,68650439.00
18-Dec-15,0.94,0.94,0.91,0.92,300787.00,69538663.00
17-Dec-15,0.99,1.00,0.91,0.94,640765.00,71069938.00
16-Dec-15,1.02,1.02,0.97,0.99,320767.00,74858729.00
15-Dec-15,0.99,1.03,0.98,1.01,578618.00,76568082.00
14-Dec-15,0.96,1.01,0.95,0.99,563436.00,74947760.00
13-Dec-15,0.97,0.99,0.94,0.95,273614.00,71894531.00
12-Dec-15,0.93,1.05,0.93,0.98,1376280.00,73686284.00
11-Dec-15,0.84,0.93,0.82,0.93,801072.00,70101842.00
10-Dec-15,0.80,0.86,0.79,0.84,369589.00,63342630.00
9-Dec-15,0.82,0.82,0.77,0.79,624221.00,59687098.00
8-Dec-15,0.81,0.82,0.78,0.82,445903.00,61922409.00
7-Dec-15,0.84,0.85,0.79,0.81,520409.00,61084951.00
6-Dec-15,0.87,0.88,0.83,0.84,443608.00,62889050.00
5-Dec-15,0.84,0.87,0.82,0.86,232743.00,64895497.00
4-Dec-15,0.81,0.86,0.80,0.84,241278.00,63189182.00
3-Dec-15,0.82,0.84,0.79,0.81,539969.00,61070307.00
2-Dec-15,0.87,0.88,0.82,0.82,506307.00,61730775.00
1-Dec-15,0.88,0.89,0.85,0.87,652857.00,65738067.00
30-Nov-15,0.88,0.90,0.85,0.87,784439.00,65589555.00
29-Nov-15,0.91,0.91,0.86,0.88,448358.00,65980042.00
28-Nov-15,0.87,0.93,0.86,0.92,462464.00,68742122.00
27-Nov-15,0.88,0.90,0.86,0.87,403813.00,65135635.00
26-Nov-15,0.86,0.90,0.80,0.88,947473.00,66330892.00
25-Nov-15,0.89,0.90,0.85,0.86,622991.00,64760707.00
24-Nov-15,0.95,0.95,0.90,0.90,524195.00,67487356.00
23-Nov-15,0.97,0.97,0.93,0.95,441875.00,70970606.00
22-Nov-15,0.98,0.98,0.96,0.97,372173.00,72523507.00
21-Nov-15,0.93,0.98,0.92,0.98,455976.00,73107357.00
20-Nov-15,0.96,0.96,0.90,0.92,614335.00,69247998.00
19-Nov-15,0.99,1.01,0.94,0.96,443528.00,71517342.00
18-Nov-15,0.99,1.01,0.94,0.99,681104.00,74320769.00
17-Nov-15,0.92,1.03,0.91,1.01,1145440.00,75392162.00
16-Nov-15,0.91,0.94,0.89,0.93,620945.00,69458011.00
15-Nov-15,0.89,0.92,0.87,0.91,411848.00,67745801.00
14-Nov-15,0.91,0.91,0.88,0.89,372514.00,66410518.00
13-Nov-15,0.91,0.92,0.85,0.90,543671.00,67529354.00
12-Nov-15,0.80,0.91,0.76,0.90,806156.00,66880152.00
11-Nov-15,0.94,0.95,0.73,0.79,1278580.00,59103443.00
10-Nov-15,1.00,1.05,0.92,0.93,854581.00,69717801.00
9-Nov-15,1.03,1.11,0.95,1.00,2045290.00,74537426.00
8-Nov-15,0.92,1.03,0.92,1.03,1021460.00,76614488.00
7-Nov-15,0.92,0.94,0.86,0.93,890187.00,69172171.00
6-Nov-15,0.90,0.99,0.85,0.93,913666.00,69004595.00
5-Nov-15,0.90,0.99,0.86,0.90,1179840.00,66716645.00
4-Nov-15,1.01,1.04,0.73,0.90,3060340.00,66947930.00
3-Nov-15,0.99,1.07,0.94,1.01,1907690.00,75434114.00
2-Nov-15,1.06,1.10,0.95,0.99,1145200.00,73654327.00
1-Nov-15,0.92,1.08,0.90,1.06,588913.00,78530263.00
31-Oct-15,1.05,1.06,0.90,0.92,673892.00,68163368.00
30-Oct-15,1.21,1.35,0.97,1.04,2429200.00,77401817.00
29-Oct-15,1.01,1.21,0.95,1.21,2279240.00,89668667.00
28-Oct-15,0.87,1.06,0.81,1.00,2373050.00,74469864.00
27-Oct-15,0.71,0.90,0.71,0.87,1846370.00,64580263.00
26-Oct-15,0.62,0.76,0.60,0.73,1089120.00,54289124.00
25-Oct-15,0.56,0.69,0.56,0.62,635384.00,45716387.00
24-Oct-15,0.54,0.58,0.52,0.56,258356.00,41809764.00
23-Oct-15,0.57,0.61,0.50,0.54,878822.00,40020348.00
22-Oct-15,0.44,0.62,0.42,0.57,924822.00,42085192.00
21-Oct-15,0.43,0.48,0.42,0.45,609085.00,33150826.00
20-Oct-15,0.49,0.50,0.43,0.43,383921.00,32213626.00
19-Oct-15,0.52,0.52,0.48,0.49,243742.00,36215624.00
18-Oct-15,0.55,0.55,0.51,0.52,133690.00,38329702.00
17-Oct-15,0.53,0.56,0.53,0.55,313860.00,40496031.00
16-Oct-15,0.56,0.57,0.52,0.54,249891.00,39691829.00
15-Oct-15,0.52,0.57,0.51,0.56,371022.00,41556025.00
14-Oct-15,0.61,0.61,0.48,0.52,971664.00,38665409.00
13-Oct-15,0.63,0.63,0.60,0.61,303044.00,44911718.00
12-Oct-15,0.63,0.66,0.63,0.63,109567.00,46253823.00
11-Oct-15,0.63,0.64,0.62,0.63,102128.00,46897253.00
10-Oct-15,0.64,0.65,0.62,0.63,141555.00,46356711.00
9-Oct-15,0.66,0.69,0.63,0.65,386420.00,48022036.00
8-Oct-15,0.61,0.63,0.59,0.62,310266.00,45872837.00
7-Oct-15,0.65,0.66,0.60,0.61,218327.00,44947527.00
6-Oct-15,0.62,0.65,0.61,0.65,262674.00,47974298.00
5-Oct-15,0.67,0.67,0.62,0.63,234263.00,46336892.00
4-Oct-15,0.69,0.69,0.66,0.67,103497.00,49249083.00
3-Oct-15,0.68,0.71,0.68,0.69,163326.00,50616972.00
2-Oct-15,0.68,0.69,0.65,0.68,219318.00,49966502.00
1-Oct-15,0.73,0.73,0.66,0.69,596084.00,50805919.00
30-Sep-15,0.66,0.75,0.64,0.74,619926.00,54351468.00
29-Sep-15,0.58,0.68,0.56,0.66,913992.00,48633259.00
28-Sep-15,0.72,0.73,0.56,0.58,1320890.00,42863006.00
27-Sep-15,0.79,0.79,0.72,0.72,413801.00,52990396.00
26-Sep-15,0.74,0.79,0.71,0.79,369620.00,57759115.00
25-Sep-15,0.82,0.83,0.71,0.74,903457.00,54085581.00
24-Sep-15,0.90,0.91,0.79,0.81,842505.00,59749888.00
23-Sep-15,0.90,0.91,0.89,0.89,200541.00,65587499.00
22-Sep-15,0.92,0.92,0.87,0.90,487914.00,66180153.00
21-Sep-15,0.94,0.96,0.88,0.92,424039.00,67422915.00
20-Sep-15,0.88,0.95,0.87,0.94,508314.00,68822183.00
19-Sep-15,0.85,0.91,0.83,0.88,386988.00,64687992.00
18-Sep-15,0.87,0.89,0.83,0.85,484622.00,62561883.00
17-Sep-15,0.91,0.91,0.83,0.87,897940.00,64046216.00
16-Sep-15,0.94,0.95,0.90,0.91,615593.00,66437873.00
15-Sep-15,0.88,1.05,0.88,0.94,703390.00,69141409.00
14-Sep-15,0.94,0.95,0.87,0.88,741085.00,64084135.00
13-Sep-15,1.04,1.04,0.90,0.94,644138.00,68480587.00
12-Sep-15,0.99,1.11,0.97,1.04,772430.00,75971273.00
11-Sep-15,1.16,1.17,0.94,0.98,1942600.00,71868265.00
10-Sep-15,1.21,1.22,1.14,1.17,662782.00,85202732.00
9-Sep-15,1.24,1.26,1.20,1.21,366748.00,88150125.00
8-Sep-15,1.25,1.28,1.23,1.24,427892.00,90743242.00
7-Sep-15,1.30,1.31,1.24,1.25,489014.00,91020735.00
6-Sep-15,1.34,1.37,1.29,1.30,491968.00,94580164.00
5-Sep-15,1.28,1.34,1.27,1.34,448453.00,97683883.00
4-Sep-15,1.26,1.30,1.24,1.27,474391.00,92953701.00
3-Sep-15,1.30,1.31,1.21,1.26,702991.00,92234142.00
2-Sep-15,1.35,1.35,1.26,1.29,883769.00,94389544.00
1-Sep-15,1.35,1.39,1.34,1.35,778862.00,98507500.00
31-Aug-15,1.32,1.40,1.20,1.36,1447180.00,98963975.00
30-Aug-15,1.18,1.37,1.17,1.32,1337650.00,96097349.00
29-Aug-15,1.19,1.21,1.15,1.18,375377.00,86113895.00
28-Aug-15,1.15,1.21,1.12,1.19,721872.00,86731077.00
27-Aug-15,1.17,1.19,1.14,1.15,686662.00,83524585.00
26-Aug-15,1.13,1.20,1.06,1.16,1056750.00,84390924.00
25-Aug-15,1.23,1.24,1.13,1.14,1307180.00,82922633.00
24-Aug-15,1.35,1.36,1.23,1.23,924920.00,89515257.00
23-Aug-15,1.38,1.41,1.30,1.35,1589300.00,98300351.00
22-Aug-15,1.40,1.48,1.35,1.38,948310.00,100201826.00
21-Aug-15,1.48,1.56,1.35,1.40,2020970.00,101331856.00
20-Aug-15,1.25,1.53,1.25,1.46,2843760.00,106351420.00
19-Aug-15,1.17,1.32,1.17,1.26,1486240.00,91366391.00
18-Aug-15,1.22,1.33,1.09,1.09,1485680.00,78868413.00
17-Aug-15,1.58,1.58,1.19,1.20,1942830.00,87295367.00
16-Aug-15,1.68,1.70,1.09,1.57,3550790.00,94901005.00
15-Aug-15,1.80,1.88,1.57,1.69,2554360.00,102303608.00
14-Aug-15,1.81,2.26,1.75,1.83,4637030.00,110672322.00
13-Aug-15,1.22,1.97,1.17,1.83,4068680.00,110607192.00
12-Aug-15,1.06,1.29,0.88,1.22,2150620.00,73645011.00
11-Aug-15,0.71,1.13,0.66,1.07,1463100.00,64569288.00
10-Aug-15,0.71,0.73,0.64,0.71,405283.00,42818364.00
9-Aug-15,0.71,0.88,0.63,0.70,532170.00,42399573.00
8-Aug-15,2.79,2.80,0.71,0.75,674188.00,45486894.00
7-Aug-15,2.83,3.54,2.52,2.77,164329.00,166610555.00